eMaxScore,n,score_method,p1,p2,p3,p4,p5,p6,q1,q2,q3,q4,q5,q6
31.499999999999982,1,Hamming,0.5,0.5,0.5,0.5,0.5,0.5,0,0,0,0,0,0
31.499999999999982,5,Hamming,0.5,0.5,0.5,0.5,0.5,0.5,0,0,0,0,0,0
31.499999999999982,10,Hamming,0.5,0.5,0.5,0.5,0.5,0.5,0,0,0,0,0,0
31.499999999999982,100,Hamming,0.5,0.5,0.5,0.5,0.5,0.5,0,0,0,0,0,0
31.499999999999982,1000,Hamming,0.5,0.5,0.5,0.5,0.5,0.5,0,0,0,0,0,0
31.499999999999982,10000,Hamming,0.5,0.5,0.5,0.5,0.5,0.5,0,0,0,0,0,0
31.499999999999982,1,Hamming,0.5,0.5,0.5,0.5,0.5,0.5,0,0,0,0,0,0
31.499999999999982,5,Hamming,0.5,0.5,0.5,0.5,0.5,0.5,0,0,0,0,0,0
31.499999999999982,10,Hamming,0.5,0.5,0.5,0.5,0.5,0.5,0,0,0,0,0,0
31.499999999999982,100,Hamming,0.5,0.5,0.5,0.5,0.5,0.5,0,0,0,0,0,0
31.499999999999982,1000,Hamming,0.5,0.5,0.5,0.5,0.5,0.5,0,0,0,0,0,0
31.499999999999982,10000,Hamming,0.5,0.5,0.5,0.5,0.5,0.5,0,0,0,0,0,0
25.200000000000045,1,Hamming,0.6,0.6,0.6,0.6,0.6,0.6,0,0,0,0,0,0
25.200000000000045,5,Hamming,0.6,0.6,0.6,0.6,0.6,0.6,0,0,0,0,0,0
25.200000000000045,10,Hamming,0.6,0.6,0.6,0.6,0.6,0.6,0,0,0,0,0,0
25.200000000000045,100,Hamming,0.6,0.6,0.6,0.6,0.6,0.6,0,0,0,0,0,0
25.200000000000045,1000,Hamming,0.6,0.6,0.6,0.6,0.6,0.6,0,0,0,0,0,0
25.200000000000045,10000,Hamming,0.6,0.6,0.6,0.6,0.6,0.6,0,0,0,0,0,0
25.200000000000045,1,Hamming,0.6,0.6,0.6,0.6,0.6,0.6,0,0,0,0,0,0
25.200000000000045,5,Hamming,0.6,0.6,0.6,0.6,0.6,0.6,0,0,0,0,0,0
25.200000000000045,10,Hamming,0.6,0.6,0.6,0.6,0.6,0.6,0,0,0,0,0,0
25.200000000000045,100,Hamming,0.6,0.6,0.6,0.6,0.6,0.6,0,0,0,0,0,0
25.200000000000045,1000,Hamming,0.6,0.6,0.6,0.6,0.6,0.6,0,0,0,0,0,0
25.200000000000045,10000,Hamming,0.6,0.6,0.6,0.6,0.6,0.6,0,0,0,0,0,0
18.90000000000004,1,Hamming,0.7,0.7,0.7,0.7,0.7,0.7,0,0,0,0,0,0
18.90000000000004,5,Hamming,0.7,0.7,0.7,0.7,0.7,0.7,0,0,0,0,0,0
18.90000000000004,10,Hamming,0.7,0.7,0.7,0.7,0.7,0.7,0,0,0,0,0,0
18.90000000000004,100,Hamming,0.7,0.7,0.7,0.7,0.7,0.7,0,0,0,0,0,0
18.90000000000004,1000,Hamming,0.7,0.7,0.7,0.7,0.7,0.7,0,0,0,0,0,0
18.90000000000004,10000,Hamming,0.7,0.7,0.7,0.7,0.7,0.7,0,0,0,0,0,0
18.90000000000004,1,Hamming,0.7,0.7,0.7,0.7,0.7,0.7,0,0,0,0,0,0
18.90000000000004,5,Hamming,0.7,0.7,0.7,0.7,0.7,0.7,0,0,0,0,0,0
18.90000000000004,10,Hamming,0.7,0.7,0.7,0.7,0.7,0.7,0,0,0,0,0,0
18.90000000000004,100,Hamming,0.7,0.7,0.7,0.7,0.7,0.7,0,0,0,0,0,0
18.90000000000004,1000,Hamming,0.7,0.7,0.7,0.7,0.7,0.7,0,0,0,0,0,0
18.90000000000004,10000,Hamming,0.7,0.7,0.7,0.7,0.7,0.7,0,0,0,0,0,0
12.60000000000008,1,Hamming,0.8,0.8,0.8,0.8,0.8,0.8,0,0,0,0,0,0
12.60000000000008,5,Hamming,0.8,0.8,0.8,0.8,0.8,0.8,0,0,0,0,0,0
12.60000000000008,10,Hamming,0.8,0.8,0.8,0.8,0.8,0.8,0,0,0,0,0,0
12.60000000000008,100,Hamming,0.8,0.8,0.8,0.8,0.8,0.8,0,0,0,0,0,0
12.60000000000008,1000,Hamming,0.8,0.8,0.8,0.8,0.8,0.8,0,0,0,0,0,0
12.60000000000008,10000,Hamming,0.8,0.8,0.8,0.8,0.8,0.8,0,0,0,0,0,0
12.60000000000008,1,Hamming,0.8,0.8,0.8,0.8,0.8,0.8,0,0,0,0,0,0
12.60000000000008,5,Hamming,0.8,0.8,0.8,0.8,0.8,0.8,0,0,0,0,0,0
12.60000000000008,10,Hamming,0.8,0.8,0.8,0.8,0.8,0.8,0,0,0,0,0,0
12.60000000000008,100,Hamming,0.8,0.8,0.8,0.8,0.8,0.8,0,0,0,0,0,0
12.60000000000008,1000,Hamming,0.8,0.8,0.8,0.8,0.8,0.8,0,0,0,0,0,0
12.60000000000008,10000,Hamming,0.8,0.8,0.8,0.8,0.8,0.8,0,0,0,0,0,0
6.300000000000082,1,Hamming,0.9,0.9,0.9,0.9,0.9,0.9,0,0,0,0,0,0
6.300000000000082,5,Hamming,0.9,0.9,0.9,0.9,0.9,0.9,0,0,0,0,0,0
6.300000000000082,10,Hamming,0.9,0.9,0.9,0.9,0.9,0.9,0,0,0,0,0,0
6.300000000000082,100,Hamming,0.9,0.9,0.9,0.9,0.9,0.9,0,0,0,0,0,0
6.300000000000082,1000,Hamming,0.9,0.9,0.9,0.9,0.9,0.9,0,0,0,0,0,0
6.300000000000082,10000,Hamming,0.9,0.9,0.9,0.9,0.9,0.9,0,0,0,0,0,0
6.300000000000082,1,Hamming,0.9,0.9,0.9,0.9,0.9,0.9,0,0,0,0,0,0
6.300000000000082,5,Hamming,0.9,0.9,0.9,0.9,0.9,0.9,0,0,0,0,0,0
6.300000000000082,10,Hamming,0.9,0.9,0.9,0.9,0.9,0.9,0,0,0,0,0,0
6.300000000000082,100,Hamming,0.9,0.9,0.9,0.9,0.9,0.9,0,0,0,0,0,0
6.300000000000082,1000,Hamming,0.9,0.9,0.9,0.9,0.9,0.9,0,0,0,0,0,0
6.300000000000082,10000,Hamming,0.9,0.9,0.9,0.9,0.9,0.9,0,0,0,0,0,0
0,1,Hamming,1,1,1,1,1,1,0,0,0,0,0,0
0,5,Hamming,1,1,1,1,1,1,0,0,0,0,0,0
0,10,Hamming,1,1,1,1,1,1,0,0,0,0,0,0
0,100,Hamming,1,1,1,1,1,1,0,0,0,0,0,0
0,1000,Hamming,1,1,1,1,1,1,0,0,0,0,0,0
0,10000,Hamming,1,1,1,1,1,1,0,0,0,0,0,0
0,1,Hamming,1,1,1,1,1,1,0,0,0,0,0,0
0,5,Hamming,1,1,1,1,1,1,0,0,0,0,0,0
0,10,Hamming,1,1,1,1,1,1,0,0,0,0,0,0
0,100,Hamming,1,1,1,1,1,1,0,0,0,0,0,0
0,1000,Hamming,1,1,1,1,1,1,0,0,0,0,0,0
0,10000,Hamming,1,1,1,1,1,1,0,0,0,0,0,0
31.499999999999957,1,Hamming,0.5,0.5,0.5,0.5,0.5,0.5,0.1,0.1,0.1,0.1,0.1,0.1
34.24656138263702,5,Hamming,0.5,0.5,0.5,0.5,0.5,0.5,0.1,0.1,0.1,0.1,0.1,0.1
35.14286732129044,10,Hamming,0.5,0.5,0.5,0.5,0.5,0.5,0.1,0.1,0.1,0.1,0.1,0.1
37.50205008815384,100,Hamming,0.5,0.5,0.5,0.5,0.5,0.5,0.1,0.1,0.1,0.1,0.1,0.1
39.34390152705602,1000,Hamming,0.5,0.5,0.5,0.5,0.5,0.5,0.1,0.1,0.1,0.1,0.1,0.1
40.91202491272339,10000,Hamming,0.5,0.5,0.5,0.5,0.5,0.5,0.1,0.1,0.1,0.1,0.1,0.1
31.499999999999957,1,Hamming,0.5,0.5,0.5,0.5,0.5,0.5,0.1,0.1,0.1,0.1,0.1,0.1
34.24656138263702,5,Hamming,0.5,0.5,0.5,0.5,0.5,0.5,0.1,0.1,0.1,0.1,0.1,0.1
35.14286732129044,10,Hamming,0.5,0.5,0.5,0.5,0.5,0.5,0.1,0.1,0.1,0.1,0.1,0.1
37.50205008815384,100,Hamming,0.5,0.5,0.5,0.5,0.5,0.5,0.1,0.1,0.1,0.1,0.1,0.1
39.34390152705602,1000,Hamming,0.5,0.5,0.5,0.5,0.5,0.5,0.1,0.1,0.1,0.1,0.1,0.1
40.91202491272339,10000,Hamming,0.5,0.5,0.5,0.5,0.5,0.5,0.1,0.1,0.1,0.1,0.1,0.1
26.46000000000005,1,Hamming,0.6,0.6,0.6,0.6,0.6,0.6,0.1,0.1,0.1,0.1,0.1,0.1
29.228312674780035,5,Hamming,0.6,0.6,0.6,0.6,0.6,0.6,0.1,0.1,0.1,0.1,0.1,0.1
30.148407518407915,10,Hamming,0.6,0.6,0.6,0.6,0.6,0.6,0.1,0.1,0.1,0.1,0.1,0.1
32.59620090849372,100,Hamming,0.6,0.6,0.6,0.6,0.6,0.6,0.1,0.1,0.1,0.1,0.1,0.1
34.524375077662526,1000,Hamming,0.6,0.6,0.6,0.6,0.6,0.6,0.1,0.1,0.1,0.1,0.1,0.1
36.17386407425777,10000,Hamming,0.6,0.6,0.6,0.6,0.6,0.6,0.1,0.1,0.1,0.1,0.1,0.1
26.46000000000005,1,Hamming,0.6,0.6,0.6,0.6,0.6,0.6,0.1,0.1,0.1,0.1,0.1,0.1
29.228312674780035,5,Hamming,0.6,0.6,0.6,0.6,0.6,0.6,0.1,0.1,0.1,0.1,0.1,0.1
30.148407518407915,10,Hamming,0.6,0.6,0.6,0.6,0.6,0.6,0.1,0.1,0.1,0.1,0.1,0.1
32.59620090849372,100,Hamming,0.6,0.6,0.6,0.6,0.6,0.6,0.1,0.1,0.1,0.1,0.1,0.1
34.524375077662526,1000,Hamming,0.6,0.6,0.6,0.6,0.6,0.6,0.1,0.1,0.1,0.1,0.1,0.1
36.17386407425777,10000,Hamming,0.6,0.6,0.6,0.6,0.6,0.6,0.1,0.1,0.1,0.1,0.1,0.1
21.42000000000005,1,Hamming,0.7,0.7,0.7,0.7,0.7,0.7,0.1,0.1,0.1,0.1,0.1,0.1
24.20964576975372,5,Hamming,0.7,0.7,0.7,0.7,0.7,0.7,0.1,0.1,0.1,0.1,0.1,0.1
25.15222306403469,10,Hamming,0.7,0.7,0.7,0.7,0.7,0.7,0.1,0.1,0.1,0.1,0.1,0.1
27.681162271895175,100,Hamming,0.7,0.7,0.7,0.7,0.7,0.7,0.1,0.1,0.1,0.1,0.1,0.1
29.68699354038688,1000,Hamming,0.7,0.7,0.7,0.7,0.7,0.7,0.1,0.1,0.1,0.1,0.1,0.1
31.40918250683395,10000,Hamming,0.7,0.7,0.7,0.7,0.7,0.7,0.1,0.1,0.1,0.1,0.1,0.1
21.42000000000005,1,Hamming,0.7,0.7,0.7,0.7,0.7,0.7,0.1,0.1,0.1,0.1,0.1,0.1
24.20964576975372,5,Hamming,0.7,0.7,0.7,0.7,0.7,0.7,0.1,0.1,0.1,0.1,0.1,0.1
25.15222306403469,10,Hamming,0.7,0.7,0.7,0.7,0.7,0.7,0.1,0.1,0.1,0.1,0.1,0.1
27.681162271895175,100,Hamming,0.7,0.7,0.7,0.7,0.7,0.7,0.1,0.1,0.1,0.1,0.1,0.1
29.68699354038688,1000,Hamming,0.7,0.7,0.7,0.7,0.7,0.7,0.1,0.1,0.1,0.1,0.1,0.1
31.40918250683395,10000,Hamming,0.7,0.7,0.7,0.7,0.7,0.7,0.1,0.1,0.1,0.1,0.1,0.1
16.38000000000008,1,Hamming,0.8,0.8,0.8,0.8,0.8,0.8,0.1,0.1,0.1,0.1,0.1,0.1
19.1905654498362,5,Hamming,0.8,0.8,0.8,0.8,0.8,0.8,0.1,0.1,0.1,0.1,0.1,0.1
20.154460719298484,10,Hamming,0.8,0.8,0.8,0.8,0.8,0.8,0.1,0.1,0.1,0.1,0.1,0.1
22.758489404583912,100,Hamming,0.8,0.8,0.8,0.8,0.8,0.8,0.1,0.1,0.1,0.1,0.1,0.1
24.835234241413023,1000,Hamming,0.8,0.8,0.8,0.8,0.8,0.8,0.1,0.1,0.1,0.1,0.1,0.1
26.62347082853178,10000,Hamming,0.8,0.8,0.8,0.8,0.8,0.8,0.1,0.1,0.1,0.1,0.1,0.1
16.38000000000008,1,Hamming,0.8,0.8,0.8,0.8,0.8,0.8,0.1,0.1,0.1,0.1,0.1,0.1
19.1905654498362,5,Hamming,0.8,0.8,0.8,0.8,0.8,0.8,0.1,0.1,0.1,0.1,0.1,0.1
20.154460719298484,10,Hamming,0.8,0.8,0.8,0.8,0.8,0.8,0.1,0.1,0.1,0.1,0.1,0.1
22.758489404583912,100,Hamming,0.8,0.8,0.8,0.8,0.8,0.8,0.1,0.1,0.1,0.1,0.1,0.1
24.835234241413023,1000,Hamming,0.8,0.8,0.8,0.8,0.8,0.8,0.1,0.1,0.1,0.1,0.1,0.1
26.62347082853178,10000,Hamming,0.8,0.8,0.8,0.8,0.8,0.8,0.1,0.1,0.1,0.1,0.1,0.1
11.340000000000082,1,Hamming,0.9,0.9,0.9,0.9,0.9,0.9,0.1,0.1,0.1,0.1,0.1,0.1
14.171079577623942,5,Hamming,0.9,0.9,0.9,0.9,0.9,0.9,0.1,0.1,0.1,0.1,0.1,0.1
15.155252952529189,10,Hamming,0.9,0.9,0.9,0.9,0.9,0.9,0.1,0.1,0.1,0.1,0.1,0.1
17.82934324030444,100,Hamming,0.9,0.9,0.9,0.9,0.9,0.9,0.1,0.1,0.1,0.1,0.1,0.1
19.97157613307718,1000,Hamming,0.9,0.9,0.9,0.9,0.9,0.9,0.1,0.1,0.1,0.1,0.1,0.1
21.8205633016614,10000,Hamming,0.9,0.9,0.9,0.9,0.9,0.9,0.1,0.1,0.1,0.1,0.1,0.1
11.340000000000082,1,Hamming,0.9,0.9,0.9,0.9,0.9,0.9,0.1,0.1,0.1,0.1,0.1,0.1
14.171079577623942,5,Hamming,0.9,0.9,0.9,0.9,0.9,0.9,0.1,0.1,0.1,0.1,0.1,0.1
15.155252952529189,10,Hamming,0.9,0.9,0.9,0.9,0.9,0.9,0.1,0.1,0.1,0.1,0.1,0.1
17.82934324030444,100,Hamming,0.9,0.9,0.9,0.9,0.9,0.9,0.1,0.1,0.1,0.1,0.1,0.1
19.97157613307718,1000,Hamming,0.9,0.9,0.9,0.9,0.9,0.9,0.1,0.1,0.1,0.1,0.1,0.1
21.8205633016614,10000,Hamming,0.9,0.9,0.9,0.9,0.9,0.9,0.1,0.1,0.1,0.1,0.1,0.1
6.300000000000004,1,Hamming,1,1,1,1,1,1,0.1,0.1,0.1,0.1,0.1,0.1
9.151198252153591,5,Hamming,1,1,1,1,1,1,0.1,0.1,0.1,0.1,0.1,0.1
10.154718073047206,10,Hamming,1,1,1,1,1,1,0.1,0.1,0.1,0.1,0.1,0.1
12.894614499182694,100,Hamming,1,1,1,1,1,1,0.1,0.1,0.1,0.1,0.1,0.1
15.097928295276487,1000,Hamming,1,1,1,1,1,1,0.1,0.1,0.1,0.1,0.1,0.1
17.003332765044625,10000,Hamming,1,1,1,1,1,1,0.1,0.1,0.1,0.1,0.1,0.1
6.300000000000004,1,Hamming,1,1,1,1,1,1,0.1,0.1,0.1,0.1,0.1,0.1
9.151198252153591,5,Hamming,1,1,1,1,1,1,0.1,0.1,0.1,0.1,0.1,0.1
10.154718073047206,10,Hamming,1,1,1,1,1,1,0.1,0.1,0.1,0.1,0.1,0.1
12.894614499182694,100,Hamming,1,1,1,1,1,1,0.1,0.1,0.1,0.1,0.1,0.1
15.097928295276487,1000,Hamming,1,1,1,1,1,1,0.1,0.1,0.1,0.1,0.1,0.1
17.003332765044625,10000,Hamming,1,1,1,1,1,1,0.1,0.1,0.1,0.1,0.1,0.1
31.49999999999995,1,Hamming,0.5,0.5,0.5,0.5,0.5,0.5,0.2,0.2,0.2,0.2,0.2,0.2
35.176835969276524,5,Hamming,0.5,0.5,0.5,0.5,0.5,0.5,0.2,0.2,0.2,0.2,0.2,0.2
36.36549782762002,10,Hamming,0.5,0.5,0.5,0.5,0.5,0.5,0.2,0.2,0.2,0.2,0.2,0.2
39.43256215540967,100,Hamming,0.5,0.5,0.5,0.5,0.5,0.5,0.2,0.2,0.2,0.2,0.2,0.2
41.75666201694078,1000,Hamming,0.5,0.5,0.5,0.5,0.5,0.5,0.2,0.2,0.2,0.2,0.2,0.2
43.68704440045772,10000,Hamming,0.5,0.5,0.5,0.5,0.5,0.5,0.2,0.2,0.2,0.2,0.2,0.2
31.49999999999995,1,Hamming,0.5,0.5,0.5,0.5,0.5,0.5,0.2,0.2,0.2,0.2,0.2,0.2
35.176835969276524,5,Hamming,0.5,0.5,0.5,0.5,0.5,0.5,0.2,0.2,0.2,0.2,0.2,0.2
36.36549782762002,10,Hamming,0.5,0.5,0.5,0.5,0.5,0.5,0.2,0.2,0.2,0.2,0.2,0.2
39.43256215540967,100,Hamming,0.5,0.5,0.5,0.5,0.5,0.5,0.2,0.2,0.2,0.2,0.2,0.2
41.75666201694078,1000,Hamming,0.5,0.5,0.5,0.5,0.5,0.5,0.2,0.2,0.2,0.2,0.2,0.2
43.68704440045772,10000,Hamming,0.5,0.5,0.5,0.5,0.5,0.5,0.2,0.2,0.2,0.2,0.2,0.2
27.72000000000005,1,Hamming,0.6,0.6,0.6,0.6,0.6,0.6,0.2,0.2,0.2,0.2,0.2,0.2
31.413016650191075,5,Hamming,0.6,0.6,0.6,0.6,0.6,0.6,0.2,0.2,0.2,0.2,0.2,0.2
32.61982614583166,10,Hamming,0.6,0.6,0.6,0.6,0.6,0.6,0.2,0.2,0.2,0.2,0.2,0.2
35.75905714447316,100,Hamming,0.6,0.6,0.6,0.6,0.6,0.6,0.2,0.2,0.2,0.2,0.2,0.2
38.15920098521427,1000,Hamming,0.6,0.6,0.6,0.6,0.6,0.6,0.2,0.2,0.2,0.2,0.2,0.2
40.16518393860886,10000,Hamming,0.6,0.6,0.6,0.6,0.6,0.6,0.2,0.2,0.2,0.2,0.2,0.2
27.72000000000005,1,Hamming,0.6,0.6,0.6,0.6,0.6,0.6,0.2,0.2,0.2,0.2,0.2,0.2
31.413016650191075,5,Hamming,0.6,0.6,0.6,0.6,0.6,0.6,0.2,0.2,0.2,0.2,0.2,0.2
32.61982614583166,10,Hamming,0.6,0.6,0.6,0.6,0.6,0.6,0.2,0.2,0.2,0.2,0.2,0.2
35.75905714447316,100,Hamming,0.6,0.6,0.6,0.6,0.6,0.6,0.2,0.2,0.2,0.2,0.2,0.2
38.15920098521427,1000,Hamming,0.6,0.6,0.6,0.6,0.6,0.6,0.2,0.2,0.2,0.2,0.2,0.2
40.16518393860886,10000,Hamming,0.6,0.6,0.6,0.6,0.6,0.6,0.2,0.2,0.2,0.2,0.2,0.2
23.94000000000004,1,Hamming,0.7,0.7,0.7,0.7,0.7,0.7,0.2,0.2,0.2,0.2,0.2,0.2
27.64902947480697,5,Hamming,0.7,0.7,0.7,0.7,0.7,0.7,0.2,0.2,0.2,0.2,0.2,0.2
28.87341874217514,10,Hamming,0.7,0.7,0.7,0.7,0.7,0.7,0.2,0.2,0.2,0.2,0.2,0.2
32.08081744388477,100,Hamming,0.7,0.7,0.7,0.7,0.7,0.7,0.2,0.2,0.2,0.2,0.2,0.2
34.551258531577545,1000,Hamming,0.7,0.7,0.7,0.7,0.7,0.7,0.2,0.2,0.2,0.2,0.2,0.2
36.62626928517573,10000,Hamming,0.7,0.7,0.7,0.7,0.7,0.7,0.2,0.2,0.2,0.2,0.2,0.2
23.94000000000004,1,Hamming,0.7,0.7,0.7,0.7,0.7,0.7,0.2,0.2,0.2,0.2,0.2,0.2
27.64902947480697,5,Hamming,0.7,0.7,0.7,0.7,0.7,0.7,0.2,0.2,0.2,0.2,0.2,0.2
28.87341874217514,10,Hamming,0.7,0.7,0.7,0.7,0.7,0.7,0.2,0.2,0.2,0.2,0.2,0.2
32.08081744388477,100,Hamming,0.7,0.7,0.7,0.7,0.7,0.7,0.2,0.2,0.2,0.2,0.2,0.2
34.551258531577545,1000,Hamming,0.7,0.7,0.7,0.7,0.7,0.7,0.2,0.2,0.2,0.2,0.2,0.2
36.62626928517573,10000,Hamming,0.7,0.7,0.7,0.7,0.7,0.7,0.2,0.2,0.2,0.2,0.2,0.2
20.160000000000075,1,Hamming,0.8,0.8,0.8,0.8,0.8,0.8,0.2,0.2,0.2,0.2,0.2,0.2
23.884874777258325,5,Hamming,0.8,0.8,0.8,0.8,0.8,0.8,0.2,0.2,0.2,0.2,0.2,0.2
25.126309086837317,10,Hamming,0.8,0.8,0.8,0.8,0.8,0.8,0.2,0.2,0.2,0.2,0.2,0.2
28.398382885894417,100,Hamming,0.8,0.8,0.8,0.8,0.8,0.8,0.2,0.2,0.2,0.2,0.2,0.2
30.93436388561457,1000,Hamming,0.8,0.8,0.8,0.8,0.8,0.8,0.2,0.2,0.2,0.2,0.2,0.2
33.07311451931281,10000,Hamming,0.8,0.8,0.8,0.8,0.8,0.8,0.2,0.2,0.2,0.2,0.2,0.2
20.160000000000075,1,Hamming,0.8,0.8,0.8,0.8,0.8,0.8,0.2,0.2,0.2,0.2,0.2,0.2
23.884874777258325,5,Hamming,0.8,0.8,0.8,0.8,0.8,0.8,0.2,0.2,0.2,0.2,0.2,0.2
25.126309086837317,10,Hamming,0.8,0.8,0.8,0.8,0.8,0.8,0.2,0.2,0.2,0.2,0.2,0.2
28.398382885894417,100,Hamming,0.8,0.8,0.8,0.8,0.8,0.8,0.2,0.2,0.2,0.2,0.2,0.2
30.93436388561457,1000,Hamming,0.8,0.8,0.8,0.8,0.8,0.8,0.2,0.2,0.2,0.2,0.2,0.2
33.07311451931281,10000,Hamming,0.8,0.8,0.8,0.8,0.8,0.8,0.2,0.2,0.2,0.2,0.2,0.2
16.380000000000074,1,Hamming,0.9,0.9,0.9,0.9,0.9,0.9,0.2,0.2,0.2,0.2,0.2,0.2
20.12055333523849,5,Hamming,0.9,0.9,0.9,0.9,0.9,0.9,0.2,0.2,0.2,0.2,0.2,0.2
21.378529406401363,10,Hamming,0.9,0.9,0.9,0.9,0.9,0.9,0.2,0.2,0.2,0.2,0.2,0.2
24.712199338186025,100,Hamming,0.9,0.9,0.9,0.9,0.9,0.9,0.2,0.2,0.2,0.2,0.2,0.2
27.309705834818388,1000,Hamming,0.9,0.9,0.9,0.9,0.9,0.9,0.2,0.2,0.2,0.2,0.2,0.2
29.50783262599567,10000,Hamming,0.9,0.9,0.9,0.9,0.9,0.9,0.2,0.2,0.2,0.2,0.2,0.2
16.380000000000074,1,Hamming,0.9,0.9,0.9,0.9,0.9,0.9,0.2,0.2,0.2,0.2,0.2,0.2
20.12055333523849,5,Hamming,0.9,0.9,0.9,0.9,0.9,0.9,0.2,0.2,0.2,0.2,0.2,0.2
21.378529406401363,10,Hamming,0.9,0.9,0.9,0.9,0.9,0.9,0.2,0.2,0.2,0.2,0.2,0.2
24.712199338186025,100,Hamming,0.9,0.9,0.9,0.9,0.9,0.9,0.2,0.2,0.2,0.2,0.2,0.2
27.309705834818388,1000,Hamming,0.9,0.9,0.9,0.9,0.9,0.9,0.2,0.2,0.2,0.2,0.2,0.2
29.50783262599567,10000,Hamming,0.9,0.9,0.9,0.9,0.9,0.9,0.2,0.2,0.2,0.2,0.2,0.2
12.6,1,Hamming,1,1,1,1,1,1,0.2,0.2,0.2,0.2,0.2,0.2
16.356066323878196,5,Hamming,1,1,1,1,1,1,0.2,0.2,0.2,0.2,0.2,0.2
17.630110505140287,10,Hamming,1,1,1,1,1,1,0.2,0.2,0.2,0.2,0.2,0.2
21.02263973087415,100,Hamming,1,1,1,1,1,1,0.2,0.2,0.2,0.2,0.2,0.2
23.678231702017975,1000,Hamming,1,1,1,1,1,1,0.2,0.2,0.2,0.2,0.2,0.2
25.932090219468712,10000,Hamming,1,1,1,1,1,1,0.2,0.2,0.2,0.2,0.2,0.2
12.6,1,Hamming,1,1,1,1,1,1,0.2,0.2,0.2,0.2,0.2,0.2
16.356066323878196,5,Hamming,1,1,1,1,1,1,0.2,0.2,0.2,0.2,0.2,0.2
17.630110505140287,10,Hamming,1,1,1,1,1,1,0.2,0.2,0.2,0.2,0.2,0.2
21.02263973087415,100,Hamming,1,1,1,1,1,1,0.2,0.2,0.2,0.2,0.2,0.2
23.678231702017975,1000,Hamming,1,1,1,1,1,1,0.2,0.2,0.2,0.2,0.2,0.2
25.932090219468712,10000,Hamming,1,1,1,1,1,1,0.2,0.2,0.2,0.2,0.2,0.2
31.499999999999943,1,Hamming,0.5,0.5,0.5,0.5,0.5,0.5,0.30000000000000004,0.30000000000000004,0.30000000000000004,0.30000000000000004,0.30000000000000004,0.30000000000000004
35.71749470422614,5,Hamming,0.5,0.5,0.5,0.5,0.5,0.5,0.30000000000000004,0.30000000000000004,0.30000000000000004,0.30000000000000004,0.30000000000000004,0.30000000000000004
37.077117999309266,10,Hamming,0.5,0.5,0.5,0.5,0.5,0.5,0.30000000000000004,0.30000000000000004,0.30000000000000004,0.30000000000000004,0.30000000000000004,0.30000000000000004
40.562404495078574,100,Hamming,0.5,0.5,0.5,0.5,0.5,0.5,0.30000000000000004,0.30000000000000004,0.30000000000000004,0.30000000000000004,0.30000000000000004,0.30000000000000004
43.173335412081045,1000,Hamming,0.5,0.5,0.5,0.5,0.5,0.5,0.30000000000000004,0.30000000000000004,0.30000000000000004,0.30000000000000004,0.30000000000000004,0.30000000000000004
45.317759271642714,10000,Hamming,0.5,0.5,0.5,0.5,0.5,0.5,0.30000000000000004,0.30000000000000004,0.30000000000000004,0.30000000000000004,0.30000000000000004,0.30000000000000004
31.499999999999943,1,Hamming,0.5,0.5,0.5,0.5,0.5,0.5,0.30000000000000004,0.30000000000000004,0.30000000000000004,0.30000000000000004,0.30000000000000004,0.30000000000000004
35.71749470422614,5,Hamming,0.5,0.5,0.5,0.5,0.5,0.5,0.30000000000000004,0.30000000000000004,0.30000000000000004,0.30000000000000004,0.30000000000000004,0.30000000000000004
37.077117999309266,10,Hamming,0.5,0.5,0.5,0.5,0.5,0.5,0.30000000000000004,0.30000000000000004,0.30000000000000004,0.30000000000000004,0.30000000000000004,0.30000000000000004
40.562404495078574,100,Hamming,0.5,0.5,0.5,0.5,0.5,0.5,0.30000000000000004,0.30000000000000004,0.30000000000000004,0.30000000000000004,0.30000000000000004,0.30000000000000004
43.173335412081045,1000,Hamming,0.5,0.5,0.5,0.5,0.5,0.5,0.30000000000000004,0.30000000000000004,0.30000000000000004,0.30000000000000004,0.30000000000000004,0.30000000000000004
45.317759271642714,10000,Hamming,0.5,0.5,0.5,0.5,0.5,0.5,0.30000000000000004,0.30000000000000004,0.30000000000000004,0.30000000000000004,0.30000000000000004,0.30000000000000004
28.980000000000047,1,Hamming,0.6,0.6,0.6,0.6,0.6,0.6,0.30000000000000004,0.30000000000000004,0.30000000000000004,0.30000000000000004,0.30000000000000004,0.30000000000000004
33.20826521727474,5,Hamming,0.6,0.6,0.6,0.6,0.6,0.6,0.30000000000000004,0.30000000000000004,0.30000000000000004,0.30000000000000004,0.30000000000000004,0.30000000000000004
34.580080567496026,10,Hamming,0.6,0.6,0.6,0.6,0.6,0.6,0.30000000000000004,0.30000000000000004,0.30000000000000004,0.30000000000000004,0.30000000000000004,0.30000000000000004
38.11504881080655,100,Hamming,0.6,0.6,0.6,0.6,0.6,0.6,0.30000000000000004,0.30000000000000004,0.30000000000000004,0.30000000000000004,0.30000000000000004,0.30000000000000004
40.78020323731242,1000,Hamming,0.6,0.6,0.6,0.6,0.6,0.6,0.30000000000000004,0.30000000000000004,0.30000000000000004,0.30000000000000004,0.30000000000000004,0.30000000000000004
42.98018572295163,10000,Hamming,0.6,0.6,0.6,0.6,0.6,0.6,0.30000000000000004,0.30000000000000004,0.30000000000000004,0.30000000000000004,0.30000000000000004,0.30000000000000004
28.980000000000047,1,Hamming,0.6,0.6,0.6,0.6,0.6,0.6,0.30000000000000004,0.30000000000000004,0.30000000000000004,0.30000000000000004,0.30000000000000004,0.30000000000000004
33.20826521727474,5,Hamming,0.6,0.6,0.6,0.6,0.6,0.6,0.30000000000000004,0.30000000000000004,0.30000000000000004,0.30000000000000004,0.30000000000000004,0.30000000000000004
34.580080567496026,10,Hamming,0.6,0.6,0.6,0.6,0.6,0.6,0.30000000000000004,0.30000000000000004,0.30000000000000004,0.30000000000000004,0.30000000000000004,0.30000000000000004
38.11504881080655,100,Hamming,0.6,0.6,0.6,0.6,0.6,0.6,0.30000000000000004,0.30000000000000004,0.30000000000000004,0.30000000000000004,0.30000000000000004,0.30000000000000004
40.78020323731242,1000,Hamming,0.6,0.6,0.6,0.6,0.6,0.6,0.30000000000000004,0.30000000000000004,0.30000000000000004,0.30000000000000004,0.30000000000000004,0.30000000000000004
42.98018572295163,10000,Hamming,0.6,0.6,0.6,0.6,0.6,0.6,0.30000000000000004,0.30000000000000004,0.30000000000000004,0.30000000000000004,0.30000000000000004,0.30000000000000004
26.46000000000003,1,Hamming,0.7,0.7,0.7,0.7,0.7,0.7,0.30000000000000004,0.30000000000000004,0.30000000000000004,0.30000000000000004,0.30000000000000004,0.30000000000000004
30.698971587973503,5,Hamming,0.7,0.7,0.7,0.7,0.7,0.7,0.30000000000000004,0.30000000000000004,0.30000000000000004,0.30000000000000004,0.30000000000000004,0.30000000000000004
32.082754759596014,10,Hamming,0.7,0.7,0.7,0.7,0.7,0.7,0.30000000000000004,0.30000000000000004,0.30000000000000004,0.30000000000000004,0.30000000000000004,0.30000000000000004
35.66568672505919,100,Hamming,0.7,0.7,0.7,0.7,0.7,0.7,0.30000000000000004,0.30000000000000004,0.30000000000000004,0.30000000000000004,0.30000000000000004,0.30000000000000004
38.38233010104528,1000,Hamming,0.7,0.7,0.7,0.7,0.7,0.7,0.30000000000000004,0.30000000000000004,0.30000000000000004,0.30000000000000004,0.30000000000000004,0.30000000000000004
40.63447228891354,10000,Hamming,0.7,0.7,0.7,0.7,0.7,0.7,0.30000000000000004,0.30000000000000004,0.30000000000000004,0.30000000000000004,0.30000000000000004,0.30000000000000004
26.46000000000003,1,Hamming,0.7,0.7,0.7,0.7,0.7,0.7,0.30000000000000004,0.30000000000000004,0.30000000000000004,0.30000000000000004,0.30000000000000004,0.30000000000000004
30.698971587973503,5,Hamming,0.7,0.7,0.7,0.7,0.7,0.7,0.30000000000000004,0.30000000000000004,0.30000000000000004,0.30000000000000004,0.30000000000000004,0.30000000000000004
32.082754759596014,10,Hamming,0.7,0.7,0.7,0.7,0.7,0.7,0.30000000000000004,0.30000000000000004,0.30000000000000004,0.30000000000000004,0.30000000000000004,0.30000000000000004
35.66568672505919,100,Hamming,0.7,0.7,0.7,0.7,0.7,0.7,0.30000000000000004,0.30000000000000004,0.30000000000000004,0.30000000000000004,0.30000000000000004,0.30000000000000004
38.38233010104528,1000,Hamming,0.7,0.7,0.7,0.7,0.7,0.7,0.30000000000000004,0.30000000000000004,0.30000000000000004,0.30000000000000004,0.30000000000000004,0.30000000000000004
40.63447228891354,10000,Hamming,0.7,0.7,0.7,0.7,0.7,0.7,0.30000000000000004,0.30000000000000004,0.30000000000000004,0.30000000000000004,0.30000000000000004,0.30000000000000004
23.94000000000006,1,Hamming,0.8,0.8,0.8,0.8,0.8,0.8,0.30000000000000004,0.30000000000000004,0.30000000000000004,0.30000000000000004,0.30000000000000004,0.30000000000000004
28.189613815788334,5,Hamming,0.8,0.8,0.8,0.8,0.8,0.8,0.30000000000000004,0.30000000000000004,0.30000000000000004,0.30000000000000004,0.30000000000000004,0.30000000000000004
29.5851480504123,10,Hamming,0.8,0.8,0.8,0.8,0.8,0.8,0.30000000000000004,0.30000000000000004,0.30000000000000004,0.30000000000000004,0.30000000000000004,0.30000000000000004
33.21446357156063,100,Hamming,0.8,0.8,0.8,0.8,0.8,0.8,0.30000000000000004,0.30000000000000004,0.30000000000000004,0.30000000000000004,0.30000000000000004,0.30000000000000004
35.98018408103502,1000,Hamming,0.8,0.8,0.8,0.8,0.8,0.8,0.30000000000000004,0.30000000000000004,0.30000000000000004,0.30000000000000004,0.30000000000000004,0.30000000000000004
38.28156988554665,10000,Hamming,0.8,0.8,0.8,0.8,0.8,0.8,0.30000000000000004,0.30000000000000004,0.30000000000000004,0.30000000000000004,0.30000000000000004,0.30000000000000004
23.94000000000006,1,Hamming,0.8,0.8,0.8,0.8,0.8,0.8,0.30000000000000004,0.30000000000000004,0.30000000000000004,0.30000000000000004,0.30000000000000004,0.30000000000000004
28.189613815788334,5,Hamming,0.8,0.8,0.8,0.8,0.8,0.8,0.30000000000000004,0.30000000000000004,0.30000000000000004,0.30000000000000004,0.30000000000000004,0.30000000000000004
29.5851480504123,10,Hamming,0.8,0.8,0.8,0.8,0.8,0.8,0.30000000000000004,0.30000000000000004,0.30000000000000004,0.30000000000000004,0.30000000000000004,0.30000000000000004
33.21446357156063,100,Hamming,0.8,0.8,0.8,0.8,0.8,0.8,0.30000000000000004,0.30000000000000004,0.30000000000000004,0.30000000000000004,0.30000000000000004,0.30000000000000004
35.98018408103502,1000,Hamming,0.8,0.8,0.8,0.8,0.8,0.8,0.30000000000000004,0.30000000000000004,0.30000000000000004,0.30000000000000004,0.30000000000000004,0.30000000000000004
38.28156988554665,10000,Hamming,0.8,0.8,0.8,0.8,0.8,0.8,0.30000000000000004,0.30000000000000004,0.30000000000000004,0.30000000000000004,0.30000000000000004,0.30000000000000004
21.42000000000006,1,Hamming,0.9,0.9,0.9,0.9,0.9,0.9,0.30000000000000004,0.30000000000000004,0.30000000000000004,0.30000000000000004,0.30000000000000004,0.30000000000000004
25.68019196025872,5,Hamming,0.9,0.9,0.9,0.9,0.9,0.9,0.30000000000000004,0.30000000000000004,0.30000000000000004,0.30000000000000004,0.30000000000000004,0.30000000000000004
27.0872677948572,10,Hamming,0.9,0.9,0.9,0.9,0.9,0.9,0.30000000000000004,0.30000000000000004,0.30000000000000004,0.30000000000000004,0.30000000000000004,0.30000000000000004
30.761508444321063,100,Hamming,0.9,0.9,0.9,0.9,0.9,0.9,0.30000000000000004,0.30000000000000004,0.30000000000000004,0.30000000000000004,0.30000000000000004,0.30000000000000004
33.574160836440726,1000,Hamming,0.9,0.9,0.9,0.9,0.9,0.9,0.30000000000000004,0.30000000000000004,0.30000000000000004,0.30000000000000004,0.30000000000000004,0.30000000000000004
35.92225620928091,10000,Hamming,0.9,0.9,0.9,0.9,0.9,0.9,0.30000000000000004,0.30000000000000004,0.30000000000000004,0.30000000000000004,0.30000000000000004,0.30000000000000004
21.42000000000006,1,Hamming,0.9,0.9,0.9,0.9,0.9,0.9,0.30000000000000004,0.30000000000000004,0.30000000000000004,0.30000000000000004,0.30000000000000004,0.30000000000000004
25.68019196025872,5,Hamming,0.9,0.9,0.9,0.9,0.9,0.9,0.30000000000000004,0.30000000000000004,0.30000000000000004,0.30000000000000004,0.30000000000000004,0.30000000000000004
27.0872677948572,10,Hamming,0.9,0.9,0.9,0.9,0.9,0.9,0.30000000000000004,0.30000000000000004,0.30000000000000004,0.30000000000000004,0.30000000000000004,0.30000000000000004
30.761508444321063,100,Hamming,0.9,0.9,0.9,0.9,0.9,0.9,0.30000000000000004,0.30000000000000004,0.30000000000000004,0.30000000000000004,0.30000000000000004,0.30000000000000004
33.574160836440726,1000,Hamming,0.9,0.9,0.9,0.9,0.9,0.9,0.30000000000000004,0.30000000000000004,0.30000000000000004,0.30000000000000004,0.30000000000000004,0.30000000000000004
35.92225620928091,10000,Hamming,0.9,0.9,0.9,0.9,0.9,0.9,0.30000000000000004,0.30000000000000004,0.30000000000000004,0.30000000000000004,0.30000000000000004,0.30000000000000004
18.90000000000001,1,Hamming,1,1,1,1,1,1,0.30000000000000004,0.30000000000000004,0.30000000000000004,0.30000000000000004,0.30000000000000004,0.30000000000000004
23.170706138209248,5,Hamming,1,1,1,1,1,1,0.30000000000000004,0.30000000000000004,0.30000000000000004,0.30000000000000004,0.30000000000000004,0.30000000000000004
24.589121207224593,10,Hamming,1,1,1,1,1,1,0.30000000000000004,0.30000000000000004,0.30000000000000004,0.30000000000000004,0.30000000000000004,0.30000000000000004
28.306936528613537,100,Hamming,1,1,1,1,1,1,0.30000000000000004,0.30000000000000004,0.30000000000000004,0.30000000000000004,0.30000000000000004,0.30000000000000004
31.164595865973055,1000,Hamming,1,1,1,1,1,1,0.30000000000000004,0.30000000000000004,0.30000000000000004,0.30000000000000004,0.30000000000000004,0.30000000000000004
33.55716259353843,10000,Hamming,1,1,1,1,1,1,0.30000000000000004,0.30000000000000004,0.30000000000000004,0.30000000000000004,0.30000000000000004,0.30000000000000004
18.90000000000001,1,Hamming,1,1,1,1,1,1,0.30000000000000004,0.30000000000000004,0.30000000000000004,0.30000000000000004,0.30000000000000004,0.30000000000000004
23.170706138209248,5,Hamming,1,1,1,1,1,1,0.30000000000000004,0.30000000000000004,0.30000000000000004,0.30000000000000004,0.30000000000000004,0.30000000000000004
24.589121207224593,10,Hamming,1,1,1,1,1,1,0.30000000000000004,0.30000000000000004,0.30000000000000004,0.30000000000000004,0.30000000000000004,0.30000000000000004
28.306936528613537,100,Hamming,1,1,1,1,1,1,0.30000000000000004,0.30000000000000004,0.30000000000000004,0.30000000000000004,0.30000000000000004,0.30000000000000004
31.164595865973055,1000,Hamming,1,1,1,1,1,1,0.30000000000000004,0.30000000000000004,0.30000000000000004,0.30000000000000004,0.30000000000000004,0.30000000000000004
33.55716259353843,10000,Hamming,1,1,1,1,1,1,0.30000000000000004,0.30000000000000004,0.30000000000000004,0.30000000000000004,0.30000000000000004,0.30000000000000004
31.499999999999943,1,Hamming,0.5,0.5,0.5,0.5,0.5,0.5,0.4,0.4,0.4,0.4,0.4,0.4
36.01089026150929,5,Hamming,0.5,0.5,0.5,0.5,0.5,0.5,0.4,0.4,0.4,0.4,0.4,0.4
37.46347707610387,10,Hamming,0.5,0.5,0.5,0.5,0.5,0.5,0.4,0.4,0.4,0.4,0.4,0.4
41.17709484561648,100,Hamming,0.5,0.5,0.5,0.5,0.5,0.5,0.4,0.4,0.4,0.4,0.4,0.4
43.9452979212314,1000,Hamming,0.5,0.5,0.5,0.5,0.5,0.5,0.4,0.4,0.4,0.4,0.4,0.4
46.20702172147767,10000,Hamming,0.5,0.5,0.5,0.5,0.5,0.5,0.4,0.4,0.4,0.4,0.4,0.4
31.499999999999943,1,Hamming,0.5,0.5,0.5,0.5,0.5,0.5,0.4,0.4,0.4,0.4,0.4,0.4
36.01089026150929,5,Hamming,0.5,0.5,0.5,0.5,0.5,0.5,0.4,0.4,0.4,0.4,0.4,0.4
37.46347707610387,10,Hamming,0.5,0.5,0.5,0.5,0.5,0.5,0.4,0.4,0.4,0.4,0.4,0.4
41.17709484561648,100,Hamming,0.5,0.5,0.5,0.5,0.5,0.5,0.4,0.4,0.4,0.4,0.4,0.4
43.9452979212314,1000,Hamming,0.5,0.5,0.5,0.5,0.5,0.5,0.4,0.4,0.4,0.4,0.4,0.4
46.20702172147767,10000,Hamming,0.5,0.5,0.5,0.5,0.5,0.5,0.4,0.4,0.4,0.4,0.4,0.4
30.240000000000045,1,Hamming,0.6,0.6,0.6,0.6,0.6,0.6,0.4,0.4,0.4,0.4,0.4,0.4
34.756276093100816,5,Hamming,0.6,0.6,0.6,0.6,0.6,0.6,0.4,0.4,0.4,0.4,0.4,0.4
36.21499144845587,10,Hamming,0.6,0.6,0.6,0.6,0.6,0.6,0.4,0.4,0.4,0.4,0.4,0.4
39.95389224546861,100,Hamming,0.6,0.6,0.6,0.6,0.6,0.6,0.4,0.4,0.4,0.4,0.4,0.4
42.75019561060043,1000,Hamming,0.6,0.6,0.6,0.6,0.6,0.6,0.4,0.4,0.4,0.4,0.4,0.4
45.041202320613735,10000,Hamming,0.6,0.6,0.6,0.6,0.6,0.6,0.4,0.4,0.4,0.4,0.4,0.4
30.240000000000045,1,Hamming,0.6,0.6,0.6,0.6,0.6,0.6,0.4,0.4,0.4,0.4,0.4,0.4
34.756276093100816,5,Hamming,0.6,0.6,0.6,0.6,0.6,0.6,0.4,0.4,0.4,0.4,0.4,0.4
36.21499144845587,10,Hamming,0.6,0.6,0.6,0.6,0.6,0.6,0.4,0.4,0.4,0.4,0.4,0.4
39.95389224546861,100,Hamming,0.6,0.6,0.6,0.6,0.6,0.6,0.4,0.4,0.4,0.4,0.4,0.4
42.75019561060043,1000,Hamming,0.6,0.6,0.6,0.6,0.6,0.6,0.4,0.4,0.4,0.4,0.4,0.4
45.041202320613735,10000,Hamming,0.6,0.6,0.6,0.6,0.6,0.6,0.4,0.4,0.4,0.4,0.4,0.4
28.980000000000025,1,Hamming,0.7,0.7,0.7,0.7,0.7,0.7,0.4,0.4,0.4,0.4,0.4,0.4
33.50164701976294,5,Hamming,0.7,0.7,0.7,0.7,0.7,0.7,0.4,0.4,0.4,0.4,0.4,0.4
34.9664376946923,10,Hamming,0.7,0.7,0.7,0.7,0.7,0.7,0.4,0.4,0.4,0.4,0.4,0.4
38.73019363376213,100,Hamming,0.7,0.7,0.7,0.7,0.7,0.7,0.4,0.4,0.4,0.4,0.4,0.4
41.5538752263687,1000,Hamming,0.7,0.7,0.7,0.7,0.7,0.7,0.4,0.4,0.4,0.4,0.4,0.4
43.873219992511615,10000,Hamming,0.7,0.7,0.7,0.7,0.7,0.7,0.4,0.4,0.4,0.4,0.4,0.4
28.980000000000025,1,Hamming,0.7,0.7,0.7,0.7,0.7,0.7,0.4,0.4,0.4,0.4,0.4,0.4
33.50164701976294,5,Hamming,0.7,0.7,0.7,0.7,0.7,0.7,0.4,0.4,0.4,0.4,0.4,0.4
34.9664376946923,10,Hamming,0.7,0.7,0.7,0.7,0.7,0.7,0.4,0.4,0.4,0.4,0.4,0.4
38.73019363376213,100,Hamming,0.7,0.7,0.7,0.7,0.7,0.7,0.4,0.4,0.4,0.4,0.4,0.4
41.5538752263687,1000,Hamming,0.7,0.7,0.7,0.7,0.7,0.7,0.4,0.4,0.4,0.4,0.4,0.4
43.873219992511615,10000,Hamming,0.7,0.7,0.7,0.7,0.7,0.7,0.4,0.4,0.4,0.4,0.4,0.4
27.72000000000005,1,Hamming,0.8,0.8,0.8,0.8,0.8,0.8,0.4,0.4,0.4,0.4,0.4,0.4
32.24700303575433,5,Hamming,0.8,0.8,0.8,0.8,0.8,0.8,0.4,0.4,0.4,0.4,0.4,0.4
33.7178166309005,10,Hamming,0.8,0.8,0.8,0.8,0.8,0.8,0.4,0.4,0.4,0.4,0.4,0.4
37.50601688110952,100,Hamming,0.8,0.8,0.8,0.8,0.8,0.8,0.4,0.4,0.4,0.4,0.4,0.4
40.35639927534278,1000,Hamming,0.8,0.8,0.8,0.8,0.8,0.8,0.4,0.4,0.4,0.4,0.4,0.4
42.70321062413065,10000,Hamming,0.8,0.8,0.8,0.8,0.8,0.8,0.4,0.4,0.4,0.4,0.4,0.4
27.72000000000005,1,Hamming,0.8,0.8,0.8,0.8,0.8,0.8,0.4,0.4,0.4,0.4,0.4,0.4
32.24700303575433,5,Hamming,0.8,0.8,0.8,0.8,0.8,0.8,0.4,0.4,0.4,0.4,0.4,0.4
33.7178166309005,10,Hamming,0.8,0.8,0.8,0.8,0.8,0.8,0.4,0.4,0.4,0.4,0.4,0.4
37.50601688110952,100,Hamming,0.8,0.8,0.8,0.8,0.8,0.8,0.4,0.4,0.4,0.4,0.4,0.4
40.35639927534278,1000,Hamming,0.8,0.8,0.8,0.8,0.8,0.8,0.4,0.4,0.4,0.4,0.4,0.4
42.70321062413065,10000,Hamming,0.8,0.8,0.8,0.8,0.8,0.8,0.4,0.4,0.4,0.4,0.4,0.4
26.460000000000043,1,Hamming,0.9,0.9,0.9,0.9,0.9,0.9,0.4,0.4,0.4,0.4,0.4,0.4
30.99234413848216,5,Hamming,0.9,0.9,0.9,0.9,0.9,0.9,0.4,0.4,0.4,0.4,0.4,0.4
32.46912906864358,10,Hamming,0.9,0.9,0.9,0.9,0.9,0.9,0.4,0.4,0.4,0.4,0.4,0.4
36.28137885584373,100,Hamming,0.9,0.9,0.9,0.9,0.9,0.9,0.4,0.4,0.4,0.4,0.4,0.4
39.157825100149914,1000,Hamming,0.9,0.9,0.9,0.9,0.9,0.9,0.4,0.4,0.4,0.4,0.4,0.4
41.531296793236464,10000,Hamming,0.9,0.9,0.9,0.9,0.9,0.9,0.4,0.4,0.4,0.4,0.4,0.4
26.460000000000043,1,Hamming,0.9,0.9,0.9,0.9,0.9,0.9,0.4,0.4,0.4,0.4,0.4,0.4
30.99234413848216,5,Hamming,0.9,0.9,0.9,0.9,0.9,0.9,0.4,0.4,0.4,0.4,0.4,0.4
32.46912906864358,10,Hamming,0.9,0.9,0.9,0.9,0.9,0.9,0.4,0.4,0.4,0.4,0.4,0.4
36.28137885584373,100,Hamming,0.9,0.9,0.9,0.9,0.9,0.9,0.4,0.4,0.4,0.4,0.4,0.4
39.157825100149914,1000,Hamming,0.9,0.9,0.9,0.9,0.9,0.9,0.4,0.4,0.4,0.4,0.4,0.4
41.531296793236464,10000,Hamming,0.9,0.9,0.9,0.9,0.9,0.9,0.4,0.4,0.4,0.4,0.4,0.4
25.200000000000003,1,Hamming,1,1,1,1,1,1,0.4,0.4,0.4,0.4,0.4,0.4
29.737670328449028,5,Hamming,1,1,1,1,1,1,0.4,0.4,0.4,0.4,0.4,0.4
31.220375814344052,10,Hamming,1,1,1,1,1,1,0.4,0.4,0.4,0.4,0.4,0.4
35.05629549394865,100,Hamming,1,1,1,1,1,1,0.4,0.4,0.4,0.4,0.4,0.4
37.958205204720485,1000,Hamming,1,1,1,1,1,1,0.4,0.4,0.4,0.4,0.4,0.4
40.35760932961232,10000,Hamming,1,1,1,1,1,1,0.4,0.4,0.4,0.4,0.4,0.4
25.200000000000003,1,Hamming,1,1,1,1,1,1,0.4,0.4,0.4,0.4,0.4,0.4
29.737670328449028,5,Hamming,1,1,1,1,1,1,0.4,0.4,0.4,0.4,0.4,0.4
31.220375814344052,10,Hamming,1,1,1,1,1,1,0.4,0.4,0.4,0.4,0.4,0.4
35.05629549394865,100,Hamming,1,1,1,1,1,1,0.4,0.4,0.4,0.4,0.4,0.4
37.958205204720485,1000,Hamming,1,1,1,1,1,1,0.4,0.4,0.4,0.4,0.4,0.4
40.35760932961232,10000,Hamming,1,1,1,1,1,1,0.4,0.4,0.4,0.4,0.4,0.4
31.499999999999943,1,Hamming,0.5,0.5,0.5,0.5,0.5,0.5,0.5,0.5,0.5,0.5,0.5,0.5
36.10453608816428,5,Hamming,0.5,0.5,0.5,0.5,0.5,0.5,0.5,0.5,0.5,0.5,0.5,0.5
37.58681701694245,10,Hamming,0.5,0.5,0.5,0.5,0.5,0.5,0.5,0.5,0.5,0.5,0.5,0.5
41.373480454472706,100,Hamming,0.5,0.5,0.5,0.5,0.5,0.5,0.5,0.5,0.5,0.5,0.5,0.5
44.192090925553885,1000,Hamming,0.5,0.5,0.5,0.5,0.5,0.5,0.5,0.5,0.5,0.5,0.5,0.5
46.49138943909613,10000,Hamming,0.5,0.5,0.5,0.5,0.5,0.5,0.5,0.5,0.5,0.5,0.5,0.5
31.499999999999943,1,Hamming,0.5,0.5,0.5,0.5,0.5,0.5,0.5,0.5,0.5,0.5,0.5,0.5
36.10453608816428,5,Hamming,0.5,0.5,0.5,0.5,0.5,0.5,0.5,0.5,0.5,0.5,0.5,0.5
37.58681701694245,10,Hamming,0.5,0.5,0.5,0.5,0.5,0.5,0.5,0.5,0.5,0.5,0.5,0.5
41.373480454472706,100,Hamming,0.5,0.5,0.5,0.5,0.5,0.5,0.5,0.5,0.5,0.5,0.5,0.5
44.192090925553885,1000,Hamming,0.5,0.5,0.5,0.5,0.5,0.5,0.5,0.5,0.5,0.5,0.5,0.5
46.49138943909613,10000,Hamming,0.5,0.5,0.5,0.5,0.5,0.5,0.5,0.5,0.5,0.5,0.5,0.5
31.500000000000043,1,Hamming,0.6,0.6,0.6,0.6,0.6,0.6,0.5,0.5,0.5,0.5,0.5,0.5
36.104536088164366,5,Hamming,0.6,0.6,0.6,0.6,0.6,0.6,0.5,0.5,0.5,0.5,0.5,0.5
37.586817016942526,10,Hamming,0.6,0.6,0.6,0.6,0.6,0.6,0.5,0.5,0.5,0.5,0.5,0.5
41.37348045447277,100,Hamming,0.6,0.6,0.6,0.6,0.6,0.6,0.5,0.5,0.5,0.5,0.5,0.5
44.19209092555394,1000,Hamming,0.6,0.6,0.6,0.6,0.6,0.6,0.5,0.5,0.5,0.5,0.5,0.5
46.49138943909617,10000,Hamming,0.6,0.6,0.6,0.6,0.6,0.6,0.5,0.5,0.5,0.5,0.5,0.5
31.500000000000043,1,Hamming,0.6,0.6,0.6,0.6,0.6,0.6,0.5,0.5,0.5,0.5,0.5,0.5
36.104536088164366,5,Hamming,0.6,0.6,0.6,0.6,0.6,0.6,0.5,0.5,0.5,0.5,0.5,0.5
37.586817016942526,10,Hamming,0.6,0.6,0.6,0.6,0.6,0.6,0.5,0.5,0.5,0.5,0.5,0.5
41.37348045447277,100,Hamming,0.6,0.6,0.6,0.6,0.6,0.6,0.5,0.5,0.5,0.5,0.5,0.5
44.19209092555394,1000,Hamming,0.6,0.6,0.6,0.6,0.6,0.6,0.5,0.5,0.5,0.5,0.5,0.5
46.49138943909617,10000,Hamming,0.6,0.6,0.6,0.6,0.6,0.6,0.5,0.5,0.5,0.5,0.5,0.5
31.50000000000002,1,Hamming,0.7,0.7,0.7,0.7,0.7,0.7,0.5,0.5,0.5,0.5,0.5,0.5
36.10453608816435,5,Hamming,0.7,0.7,0.7,0.7,0.7,0.7,0.5,0.5,0.5,0.5,0.5,0.5
37.586817016942504,10,Hamming,0.7,0.7,0.7,0.7,0.7,0.7,0.5,0.5,0.5,0.5,0.5,0.5
41.37348045447275,100,Hamming,0.7,0.7,0.7,0.7,0.7,0.7,0.5,0.5,0.5,0.5,0.5,0.5
44.19209092555393,1000,Hamming,0.7,0.7,0.7,0.7,0.7,0.7,0.5,0.5,0.5,0.5,0.5,0.5
46.49138943909615,10000,Hamming,0.7,0.7,0.7,0.7,0.7,0.7,0.5,0.5,0.5,0.5,0.5,0.5
31.50000000000002,1,Hamming,0.7,0.7,0.7,0.7,0.7,0.7,0.5,0.5,0.5,0.5,0.5,0.5
36.10453608816435,5,Hamming,0.7,0.7,0.7,0.7,0.7,0.7,0.5,0.5,0.5,0.5,0.5,0.5
37.586817016942504,10,Hamming,0.7,0.7,0.7,0.7,0.7,0.7,0.5,0.5,0.5,0.5,0.5,0.5
41.37348045447275,100,Hamming,0.7,0.7,0.7,0.7,0.7,0.7,0.5,0.5,0.5,0.5,0.5,0.5
44.19209092555393,1000,Hamming,0.7,0.7,0.7,0.7,0.7,0.7,0.5,0.5,0.5,0.5,0.5,0.5
46.49138943909615,10000,Hamming,0.7,0.7,0.7,0.7,0.7,0.7,0.5,0.5,0.5,0.5,0.5,0.5
31.500000000000043,1,Hamming,0.8,0.8,0.8,0.8,0.8,0.8,0.5,0.5,0.5,0.5,0.5,0.5
36.104536088164366,5,Hamming,0.8,0.8,0.8,0.8,0.8,0.8,0.5,0.5,0.5,0.5,0.5,0.5
37.58681701694252,10,Hamming,0.8,0.8,0.8,0.8,0.8,0.8,0.5,0.5,0.5,0.5,0.5,0.5
41.37348045447276,100,Hamming,0.8,0.8,0.8,0.8,0.8,0.8,0.5,0.5,0.5,0.5,0.5,0.5
44.192090925553934,1000,Hamming,0.8,0.8,0.8,0.8,0.8,0.8,0.5,0.5,0.5,0.5,0.5,0.5
46.49138943909617,10000,Hamming,0.8,0.8,0.8,0.8,0.8,0.8,0.5,0.5,0.5,0.5,0.5,0.5
31.500000000000043,1,Hamming,0.8,0.8,0.8,0.8,0.8,0.8,0.5,0.5,0.5,0.5,0.5,0.5
36.104536088164366,5,Hamming,0.8,0.8,0.8,0.8,0.8,0.8,0.5,0.5,0.5,0.5,0.5,0.5
37.58681701694252,10,Hamming,0.8,0.8,0.8,0.8,0.8,0.8,0.5,0.5,0.5,0.5,0.5,0.5
41.37348045447276,100,Hamming,0.8,0.8,0.8,0.8,0.8,0.8,0.5,0.5,0.5,0.5,0.5,0.5
44.192090925553934,1000,Hamming,0.8,0.8,0.8,0.8,0.8,0.8,0.5,0.5,0.5,0.5,0.5,0.5
46.49138943909617,10000,Hamming,0.8,0.8,0.8,0.8,0.8,0.8,0.5,0.5,0.5,0.5,0.5,0.5
31.500000000000036,1,Hamming,0.9,0.9,0.9,0.9,0.9,0.9,0.5,0.5,0.5,0.5,0.5,0.5
36.10453608816436,5,Hamming,0.9,0.9,0.9,0.9,0.9,0.9,0.5,0.5,0.5,0.5,0.5,0.5
37.58681701694252,10,Hamming,0.9,0.9,0.9,0.9,0.9,0.9,0.5,0.5,0.5,0.5,0.5,0.5
41.373480454472755,100,Hamming,0.9,0.9,0.9,0.9,0.9,0.9,0.5,0.5,0.5,0.5,0.5,0.5
44.19209092555393,1000,Hamming,0.9,0.9,0.9,0.9,0.9,0.9,0.5,0.5,0.5,0.5,0.5,0.5
46.49138943909617,10000,Hamming,0.9,0.9,0.9,0.9,0.9,0.9,0.5,0.5,0.5,0.5,0.5,0.5
31.500000000000036,1,Hamming,0.9,0.9,0.9,0.9,0.9,0.9,0.5,0.5,0.5,0.5,0.5,0.5
36.10453608816436,5,Hamming,0.9,0.9,0.9,0.9,0.9,0.9,0.5,0.5,0.5,0.5,0.5,0.5
37.58681701694252,10,Hamming,0.9,0.9,0.9,0.9,0.9,0.9,0.5,0.5,0.5,0.5,0.5,0.5
41.373480454472755,100,Hamming,0.9,0.9,0.9,0.9,0.9,0.9,0.5,0.5,0.5,0.5,0.5,0.5
44.19209092555393,1000,Hamming,0.9,0.9,0.9,0.9,0.9,0.9,0.5,0.5,0.5,0.5,0.5,0.5
46.49138943909617,10000,Hamming,0.9,0.9,0.9,0.9,0.9,0.9,0.5,0.5,0.5,0.5,0.5,0.5
31.5,1,Hamming,1,1,1,1,1,1,0.5,0.5,0.5,0.5,0.5,0.5
36.10453608816434,5,Hamming,1,1,1,1,1,1,0.5,0.5,0.5,0.5,0.5,0.5
37.58681701694249,10,Hamming,1,1,1,1,1,1,0.5,0.5,0.5,0.5,0.5,0.5
41.37348045447274,100,Hamming,1,1,1,1,1,1,0.5,0.5,0.5,0.5,0.5,0.5
44.19209092555391,1000,Hamming,1,1,1,1,1,1,0.5,0.5,0.5,0.5,0.5,0.5
46.49138943909615,10000,Hamming,1,1,1,1,1,1,0.5,0.5,0.5,0.5,0.5,0.5
31.5,1,Hamming,1,1,1,1,1,1,0.5,0.5,0.5,0.5,0.5,0.5
36.10453608816434,5,Hamming,1,1,1,1,1,1,0.5,0.5,0.5,0.5,0.5,0.5
37.58681701694249,10,Hamming,1,1,1,1,1,1,0.5,0.5,0.5,0.5,0.5,0.5
41.37348045447274,100,Hamming,1,1,1,1,1,1,0.5,0.5,0.5,0.5,0.5,0.5
44.19209092555391,1000,Hamming,1,1,1,1,1,1,0.5,0.5,0.5,0.5,0.5,0.5
46.49138943909615,10000,Hamming,1,1,1,1,1,1,0.5,0.5,0.5,0.5,0.5,0.5
31.499999999999943,1,Hamming,0.5,0.5,0.5,0.5,0.5,0.5,0.6000000000000001,0.6000000000000001,0.6000000000000001,0.6000000000000001,0.6000000000000001,0.6000000000000001
36.01089026150929,5,Hamming,0.5,0.5,0.5,0.5,0.5,0.5,0.6000000000000001,0.6000000000000001,0.6000000000000001,0.6000000000000001,0.6000000000000001,0.6000000000000001
37.46347707610388,10,Hamming,0.5,0.5,0.5,0.5,0.5,0.5,0.6000000000000001,0.6000000000000001,0.6000000000000001,0.6000000000000001,0.6000000000000001,0.6000000000000001
41.17709484561655,100,Hamming,0.5,0.5,0.5,0.5,0.5,0.5,0.6000000000000001,0.6000000000000001,0.6000000000000001,0.6000000000000001,0.6000000000000001,0.6000000000000001
43.94529792123198,1000,Hamming,0.5,0.5,0.5,0.5,0.5,0.5,0.6000000000000001,0.6000000000000001,0.6000000000000001,0.6000000000000001,0.6000000000000001,0.6000000000000001
46.207021721482775,10000,Hamming,0.5,0.5,0.5,0.5,0.5,0.5,0.6000000000000001,0.6000000000000001,0.6000000000000001,0.6000000000000001,0.6000000000000001,0.6000000000000001
31.499999999999943,1,Hamming,0.5,0.5,0.5,0.5,0.5,0.5,0.6000000000000001,0.6000000000000001,0.6000000000000001,0.6000000000000001,0.6000000000000001,0.6000000000000001
36.01089026150929,5,Hamming,0.5,0.5,0.5,0.5,0.5,0.5,0.6000000000000001,0.6000000000000001,0.6000000000000001,0.6000000000000001,0.6000000000000001,0.6000000000000001
37.46347707610388,10,Hamming,0.5,0.5,0.5,0.5,0.5,0.5,0.6000000000000001,0.6000000000000001,0.6000000000000001,0.6000000000000001,0.6000000000000001,0.6000000000000001
41.17709484561655,100,Hamming,0.5,0.5,0.5,0.5,0.5,0.5,0.6000000000000001,0.6000000000000001,0.6000000000000001,0.6000000000000001,0.6000000000000001,0.6000000000000001
43.94529792123198,1000,Hamming,0.5,0.5,0.5,0.5,0.5,0.5,0.6000000000000001,0.6000000000000001,0.6000000000000001,0.6000000000000001,0.6000000000000001,0.6000000000000001
46.207021721482775,10000,Hamming,0.5,0.5,0.5,0.5,0.5,0.5,0.6000000000000001,0.6000000000000001,0.6000000000000001,0.6000000000000001,0.6000000000000001,0.6000000000000001
32.76000000000004,1,Hamming,0.6,0.6,0.6,0.6,0.6,0.6,0.6000000000000001,0.6000000000000001,0.6000000000000001,0.6000000000000001,0.6000000000000001,0.6000000000000001
37.2654895339277,5,Hamming,0.6,0.6,0.6,0.6,0.6,0.6,0.6000000000000001,0.6000000000000001,0.6000000000000001,0.6000000000000001,0.6000000000000001,0.6000000000000001
38.71189375768597,10,Hamming,0.6,0.6,0.6,0.6,0.6,0.6,0.6000000000000001,0.6000000000000001,0.6000000000000001,0.6000000000000001,0.6000000000000001,0.6000000000000001
42.3997824831235,100,Hamming,0.6,0.6,0.6,0.6,0.6,0.6,0.6000000000000001,0.6000000000000001,0.6000000000000001,0.6000000000000001,0.6000000000000001,0.6000000000000001
45.13911383130643,1000,Hamming,0.6,0.6,0.6,0.6,0.6,0.6,0.6000000000000001,0.6000000000000001,0.6000000000000001,0.6000000000000001,0.6000000000000001,0.6000000000000001
47.370526266066115,10000,Hamming,0.6,0.6,0.6,0.6,0.6,0.6,0.6000000000000001,0.6000000000000001,0.6000000000000001,0.6000000000000001,0.6000000000000001,0.6000000000000001
32.76000000000004,1,Hamming,0.6,0.6,0.6,0.6,0.6,0.6,0.6000000000000001,0.6000000000000001,0.6000000000000001,0.6000000000000001,0.6000000000000001,0.6000000000000001
37.2654895339277,5,Hamming,0.6,0.6,0.6,0.6,0.6,0.6,0.6000000000000001,0.6000000000000001,0.6000000000000001,0.6000000000000001,0.6000000000000001,0.6000000000000001
38.71189375768597,10,Hamming,0.6,0.6,0.6,0.6,0.6,0.6,0.6000000000000001,0.6000000000000001,0.6000000000000001,0.6000000000000001,0.6000000000000001,0.6000000000000001
42.3997824831235,100,Hamming,0.6,0.6,0.6,0.6,0.6,0.6,0.6000000000000001,0.6000000000000001,0.6000000000000001,0.6000000000000001,0.6000000000000001,0.6000000000000001
45.13911383130643,1000,Hamming,0.6,0.6,0.6,0.6,0.6,0.6,0.6000000000000001,0.6000000000000001,0.6000000000000001,0.6000000000000001,0.6000000000000001,0.6000000000000001
47.370526266066115,10000,Hamming,0.6,0.6,0.6,0.6,0.6,0.6,0.6000000000000001,0.6000000000000001,0.6000000000000001,0.6000000000000001,0.6000000000000001,0.6000000000000001
34.02000000000002,1,Hamming,0.7,0.7,0.7,0.7,0.7,0.7,0.6000000000000001,0.6000000000000001,0.6000000000000001,0.6000000000000001,0.6000000000000001,0.6000000000000001
38.52007392253654,5,Hamming,0.7,0.7,0.7,0.7,0.7,0.7,0.6000000000000001,0.6000000000000001,0.6000000000000001,0.6000000000000001,0.6000000000000001,0.6000000000000001
39.96024067009254,10,Hamming,0.7,0.7,0.7,0.7,0.7,0.7,0.6000000000000001,0.6000000000000001,0.6000000000000001,0.6000000000000001,0.6000000000000001,0.6000000000000001
43.62193504130461,100,Hamming,0.7,0.7,0.7,0.7,0.7,0.7,0.6000000000000001,0.6000000000000001,0.6000000000000001,0.6000000000000001,0.6000000000000001,0.6000000000000001
46.33156842305474,1000,Hamming,0.7,0.7,0.7,0.7,0.7,0.7,0.6000000000000001,0.6000000000000001,0.6000000000000001,0.6000000000000001,0.6000000000000001,0.6000000000000001
48.53154520050696,10000,Hamming,0.7,0.7,0.7,0.7,0.7,0.7,0.6000000000000001,0.6000000000000001,0.6000000000000001,0.6000000000000001,0.6000000000000001,0.6000000000000001
34.02000000000002,1,Hamming,0.7,0.7,0.7,0.7,0.7,0.7,0.6000000000000001,0.6000000000000001,0.6000000000000001,0.6000000000000001,0.6000000000000001,0.6000000000000001
38.52007392253654,5,Hamming,0.7,0.7,0.7,0.7,0.7,0.7,0.6000000000000001,0.6000000000000001,0.6000000000000001,0.6000000000000001,0.6000000000000001,0.6000000000000001
39.96024067009254,10,Hamming,0.7,0.7,0.7,0.7,0.7,0.7,0.6000000000000001,0.6000000000000001,0.6000000000000001,0.6000000000000001,0.6000000000000001,0.6000000000000001
43.62193504130461,100,Hamming,0.7,0.7,0.7,0.7,0.7,0.7,0.6000000000000001,0.6000000000000001,0.6000000000000001,0.6000000000000001,0.6000000000000001,0.6000000000000001
46.33156842305474,1000,Hamming,0.7,0.7,0.7,0.7,0.7,0.7,0.6000000000000001,0.6000000000000001,0.6000000000000001,0.6000000000000001,0.6000000000000001,0.6000000000000001
48.53154520050696,10000,Hamming,0.7,0.7,0.7,0.7,0.7,0.7,0.6000000000000001,0.6000000000000001,0.6000000000000001,0.6000000000000001,0.6000000000000001,0.6000000000000001
35.28000000000004,1,Hamming,0.8,0.8,0.8,0.8,0.8,0.8,0.6000000000000001,0.6000000000000001,0.6000000000000001,0.6000000000000001,0.6000000000000001,0.6000000000000001
39.774643442797455,5,Hamming,0.8,0.8,0.8,0.8,0.8,0.8,0.6000000000000001,0.6000000000000001,0.6000000000000001,0.6000000000000001,0.6000000000000001,0.6000000000000001
41.20851698780254,10,Hamming,0.8,0.8,0.8,0.8,0.8,0.8,0.6000000000000001,0.6000000000000001,0.6000000000000001,0.6000000000000001,0.6000000000000001,0.6000000000000001
44.84353114525483,100,Hamming,0.8,0.8,0.8,0.8,0.8,0.8,0.6000000000000001,0.6000000000000001,0.6000000000000001,0.6000000000000001,0.6000000000000001,0.6000000000000001
47.52257928246942,1000,Hamming,0.8,0.8,0.8,0.8,0.8,0.8,0.6000000000000001,0.6000000000000001,0.6000000000000001,0.6000000000000001,0.6000000000000001,0.6000000000000001
49.6898855843619,10000,Hamming,0.8,0.8,0.8,0.8,0.8,0.8,0.6000000000000001,0.6000000000000001,0.6000000000000001,0.6000000000000001,0.6000000000000001,0.6000000000000001
35.28000000000004,1,Hamming,0.8,0.8,0.8,0.8,0.8,0.8,0.6000000000000001,0.6000000000000001,0.6000000000000001,0.6000000000000001,0.6000000000000001,0.6000000000000001
39.774643442797455,5,Hamming,0.8,0.8,0.8,0.8,0.8,0.8,0.6000000000000001,0.6000000000000001,0.6000000000000001,0.6000000000000001,0.6000000000000001,0.6000000000000001
41.20851698780254,10,Hamming,0.8,0.8,0.8,0.8,0.8,0.8,0.6000000000000001,0.6000000000000001,0.6000000000000001,0.6000000000000001,0.6000000000000001,0.6000000000000001
44.84353114525483,100,Hamming,0.8,0.8,0.8,0.8,0.8,0.8,0.6000000000000001,0.6000000000000001,0.6000000000000001,0.6000000000000001,0.6000000000000001,0.6000000000000001
47.52257928246942,1000,Hamming,0.8,0.8,0.8,0.8,0.8,0.8,0.6000000000000001,0.6000000000000001,0.6000000000000001,0.6000000000000001,0.6000000000000001,0.6000000000000001
49.6898855843619,10000,Hamming,0.8,0.8,0.8,0.8,0.8,0.8,0.6000000000000001,0.6000000000000001,0.6000000000000001,0.6000000000000001,0.6000000000000001,0.6000000000000001
36.540000000000035,1,Hamming,0.9,0.9,0.9,0.9,0.9,0.9,0.6000000000000001,0.6000000000000001,0.6000000000000001,0.6000000000000001,0.6000000000000001,0.6000000000000001
41.0291981134864,5,Hamming,0.9,0.9,0.9,0.9,0.9,0.9,0.6000000000000001,0.6000000000000001,0.6000000000000001,0.6000000000000001,0.6000000000000001,0.6000000000000001
42.45672188367122,10,Hamming,0.9,0.9,0.9,0.9,0.9,0.9,0.6000000000000001,0.6000000000000001,0.6000000000000001,0.6000000000000001,0.6000000000000001,0.6000000000000001
46.06454806118239,100,Hamming,0.9,0.9,0.9,0.9,0.9,0.9,0.6000000000000001,0.6000000000000001,0.6000000000000001,0.6000000000000001,0.6000000000000001,0.6000000000000001
48.712055353407166,1000,Hamming,0.9,0.9,0.9,0.9,0.9,0.9,0.6000000000000001,0.6000000000000001,0.6000000000000001,0.6000000000000001,0.6000000000000001,0.6000000000000001
50.84532943032797,10000,Hamming,0.9,0.9,0.9,0.9,0.9,0.9,0.6000000000000001,0.6000000000000001,0.6000000000000001,0.6000000000000001,0.6000000000000001,0.6000000000000001
36.540000000000035,1,Hamming,0.9,0.9,0.9,0.9,0.9,0.9,0.6000000000000001,0.6000000000000001,0.6000000000000001,0.6000000000000001,0.6000000000000001,0.6000000000000001
41.0291981134864,5,Hamming,0.9,0.9,0.9,0.9,0.9,0.9,0.6000000000000001,0.6000000000000001,0.6000000000000001,0.6000000000000001,0.6000000000000001,0.6000000000000001
42.45672188367122,10,Hamming,0.9,0.9,0.9,0.9,0.9,0.9,0.6000000000000001,0.6000000000000001,0.6000000000000001,0.6000000000000001,0.6000000000000001,0.6000000000000001
46.06454806118239,100,Hamming,0.9,0.9,0.9,0.9,0.9,0.9,0.6000000000000001,0.6000000000000001,0.6000000000000001,0.6000000000000001,0.6000000000000001,0.6000000000000001
48.712055353407166,1000,Hamming,0.9,0.9,0.9,0.9,0.9,0.9,0.6000000000000001,0.6000000000000001,0.6000000000000001,0.6000000000000001,0.6000000000000001,0.6000000000000001
50.84532943032797,10000,Hamming,0.9,0.9,0.9,0.9,0.9,0.9,0.6000000000000001,0.6000000000000001,0.6000000000000001,0.6000000000000001,0.6000000000000001,0.6000000000000001
37.80000000000001,1,Hamming,1,1,1,1,1,1,0.6000000000000001,0.6000000000000001,0.6000000000000001,0.6000000000000001,0.6000000000000001,0.6000000000000001
42.28373795672222,5,Hamming,1,1,1,1,1,1,0.6000000000000001,0.6000000000000001,0.6000000000000001,0.6000000000000001,0.6000000000000001,0.6000000000000001
43.70485452975754,10,Hamming,1,1,1,1,1,1,0.6000000000000001,0.6000000000000001,0.6000000000000001,0.6000000000000001,0.6000000000000001,0.6000000000000001
47.28496159027693,100,Hamming,1,1,1,1,1,1,0.6000000000000001,0.6000000000000001,0.6000000000000001,0.6000000000000001,0.6000000000000001,0.6000000000000001
49.89989010616051,1000,Hamming,1,1,1,1,1,1,0.6000000000000001,0.6000000000000001,0.6000000000000001,0.6000000000000001,0.6000000000000001,0.6000000000000001
51.99771826940656,10000,Hamming,1,1,1,1,1,1,0.6000000000000001,0.6000000000000001,0.6000000000000001,0.6000000000000001,0.6000000000000001,0.6000000000000001
37.80000000000001,1,Hamming,1,1,1,1,1,1,0.6000000000000001,0.6000000000000001,0.6000000000000001,0.6000000000000001,0.6000000000000001,0.6000000000000001
42.28373795672222,5,Hamming,1,1,1,1,1,1,0.6000000000000001,0.6000000000000001,0.6000000000000001,0.6000000000000001,0.6000000000000001,0.6000000000000001
43.70485452975754,10,Hamming,1,1,1,1,1,1,0.6000000000000001,0.6000000000000001,0.6000000000000001,0.6000000000000001,0.6000000000000001,0.6000000000000001
47.28496159027693,100,Hamming,1,1,1,1,1,1,0.6000000000000001,0.6000000000000001,0.6000000000000001,0.6000000000000001,0.6000000000000001,0.6000000000000001
49.89989010616051,1000,Hamming,1,1,1,1,1,1,0.6000000000000001,0.6000000000000001,0.6000000000000001,0.6000000000000001,0.6000000000000001,0.6000000000000001
51.99771826940656,10000,Hamming,1,1,1,1,1,1,0.6000000000000001,0.6000000000000001,0.6000000000000001,0.6000000000000001,0.6000000000000001,0.6000000000000001
31.499999999999943,1,Hamming,0.5,0.5,0.5,0.5,0.5,0.5,0.7000000000000001,0.7000000000000001,0.7000000000000001,0.7000000000000001,0.7000000000000001,0.7000000000000001
35.71749470422614,5,Hamming,0.5,0.5,0.5,0.5,0.5,0.5,0.7000000000000001,0.7000000000000001,0.7000000000000001,0.7000000000000001,0.7000000000000001,0.7000000000000001
37.07711799930926,10,Hamming,0.5,0.5,0.5,0.5,0.5,0.5,0.7000000000000001,0.7000000000000001,0.7000000000000001,0.7000000000000001,0.7000000000000001,0.7000000000000001
40.562404495078525,100,Hamming,0.5,0.5,0.5,0.5,0.5,0.5,0.7000000000000001,0.7000000000000001,0.7000000000000001,0.7000000000000001,0.7000000000000001,0.7000000000000001
43.17333541208056,1000,Hamming,0.5,0.5,0.5,0.5,0.5,0.5,0.7000000000000001,0.7000000000000001,0.7000000000000001,0.7000000000000001,0.7000000000000001,0.7000000000000001
45.31775927163838,10000,Hamming,0.5,0.5,0.5,0.5,0.5,0.5,0.7000000000000001,0.7000000000000001,0.7000000000000001,0.7000000000000001,0.7000000000000001,0.7000000000000001
31.499999999999943,1,Hamming,0.5,0.5,0.5,0.5,0.5,0.5,0.7000000000000001,0.7000000000000001,0.7000000000000001,0.7000000000000001,0.7000000000000001,0.7000000000000001
35.71749470422614,5,Hamming,0.5,0.5,0.5,0.5,0.5,0.5,0.7000000000000001,0.7000000000000001,0.7000000000000001,0.7000000000000001,0.7000000000000001,0.7000000000000001
37.07711799930926,10,Hamming,0.5,0.5,0.5,0.5,0.5,0.5,0.7000000000000001,0.7000000000000001,0.7000000000000001,0.7000000000000001,0.7000000000000001,0.7000000000000001
40.562404495078525,100,Hamming,0.5,0.5,0.5,0.5,0.5,0.5,0.7000000000000001,0.7000000000000001,0.7000000000000001,0.7000000000000001,0.7000000000000001,0.7000000000000001
43.17333541208056,1000,Hamming,0.5,0.5,0.5,0.5,0.5,0.5,0.7000000000000001,0.7000000000000001,0.7000000000000001,0.7000000000000001,0.7000000000000001,0.7000000000000001
45.31775927163838,10000,Hamming,0.5,0.5,0.5,0.5,0.5,0.5,0.7000000000000001,0.7000000000000001,0.7000000000000001,0.7000000000000001,0.7000000000000001,0.7000000000000001
34.02000000000004,1,Hamming,0.6,0.6,0.6,0.6,0.6,0.6,0.7000000000000001,0.7000000000000001,0.7000000000000001,0.7000000000000001,0.7000000000000001,0.7000000000000001
38.22666011187697,5,Hamming,0.6,0.6,0.6,0.6,0.6,0.6,0.7000000000000001,0.7000000000000001,0.7000000000000001,0.7000000000000001,0.7000000000000001,0.7000000000000001
39.57385948518331,10,Hamming,0.6,0.6,0.6,0.6,0.6,0.6,0.7000000000000001,0.7000000000000001,0.7000000000000001,0.7000000000000001,0.7000000000000001,0.7000000000000001
43.00758941045438,100,Hamming,0.6,0.6,0.6,0.6,0.6,0.6,0.7000000000000001,0.7000000000000001,0.7000000000000001,0.7000000000000001,0.7000000000000001,0.7000000000000001
45.56116628468573,1000,Hamming,0.6,0.6,0.6,0.6,0.6,0.6,0.7000000000000001,0.7000000000000001,0.7000000000000001,0.7000000000000001,0.7000000000000001,0.7000000000000001
47.646009064444755,10000,Hamming,0.6,0.6,0.6,0.6,0.6,0.6,0.7000000000000001,0.7000000000000001,0.7000000000000001,0.7000000000000001,0.7000000000000001,0.7000000000000001
34.02000000000004,1,Hamming,0.6,0.6,0.6,0.6,0.6,0.6,0.7000000000000001,0.7000000000000001,0.7000000000000001,0.7000000000000001,0.7000000000000001,0.7000000000000001
38.22666011187697,5,Hamming,0.6,0.6,0.6,0.6,0.6,0.6,0.7000000000000001,0.7000000000000001,0.7000000000000001,0.7000000000000001,0.7000000000000001,0.7000000000000001
39.57385948518331,10,Hamming,0.6,0.6,0.6,0.6,0.6,0.6,0.7000000000000001,0.7000000000000001,0.7000000000000001,0.7000000000000001,0.7000000000000001,0.7000000000000001
43.00758941045438,100,Hamming,0.6,0.6,0.6,0.6,0.6,0.6,0.7000000000000001,0.7000000000000001,0.7000000000000001,0.7000000000000001,0.7000000000000001,0.7000000000000001
45.56116628468573,1000,Hamming,0.6,0.6,0.6,0.6,0.6,0.6,0.7000000000000001,0.7000000000000001,0.7000000000000001,0.7000000000000001,0.7000000000000001,0.7000000000000001
47.646009064444755,10000,Hamming,0.6,0.6,0.6,0.6,0.6,0.6,0.7000000000000001,0.7000000000000001,0.7000000000000001,0.7000000000000001,0.7000000000000001,0.7000000000000001
36.54000000000001,1,Hamming,0.7,0.7,0.7,0.7,0.7,0.7,0.7000000000000001,0.7000000000000001,0.7000000000000001,0.7000000000000001,0.7000000000000001,0.7000000000000001
40.735761567820035,5,Hamming,0.7,0.7,0.7,0.7,0.7,0.7,0.7000000000000001,0.7000000000000001,0.7000000000000001,0.7000000000000001,0.7000000000000001,0.7000000000000001
42.070297389199965,10,Hamming,0.7,0.7,0.7,0.7,0.7,0.7,0.7000000000000001,0.7000000000000001,0.7000000000000001,0.7000000000000001,0.7000000000000001,0.7000000000000001
45.450416796555885,100,Hamming,0.7,0.7,0.7,0.7,0.7,0.7,0.7000000000000001,0.7000000000000001,0.7000000000000001,0.7000000000000001,0.7000000000000001,0.7000000000000001
47.94301603221565,1000,Hamming,0.7,0.7,0.7,0.7,0.7,0.7,0.7000000000000001,0.7000000000000001,0.7000000000000001,0.7000000000000001,0.7000000000000001,0.7000000000000001
49.96342927972918,10000,Hamming,0.7,0.7,0.7,0.7,0.7,0.7,0.7000000000000001,0.7000000000000001,0.7000000000000001,0.7000000000000001,0.7000000000000001,0.7000000000000001
36.54000000000001,1,Hamming,0.7,0.7,0.7,0.7,0.7,0.7,0.7000000000000001,0.7000000000000001,0.7000000000000001,0.7000000000000001,0.7000000000000001,0.7000000000000001
40.735761567820035,5,Hamming,0.7,0.7,0.7,0.7,0.7,0.7,0.7000000000000001,0.7000000000000001,0.7000000000000001,0.7000000000000001,0.7000000000000001,0.7000000000000001
42.070297389199965,10,Hamming,0.7,0.7,0.7,0.7,0.7,0.7,0.7000000000000001,0.7000000000000001,0.7000000000000001,0.7000000000000001,0.7000000000000001,0.7000000000000001
45.450416796555885,100,Hamming,0.7,0.7,0.7,0.7,0.7,0.7,0.7000000000000001,0.7000000000000001,0.7000000000000001,0.7000000000000001,0.7000000000000001,0.7000000000000001
47.94301603221565,1000,Hamming,0.7,0.7,0.7,0.7,0.7,0.7,0.7000000000000001,0.7000000000000001,0.7000000000000001,0.7000000000000001,0.7000000000000001,0.7000000000000001
49.96342927972918,10000,Hamming,0.7,0.7,0.7,0.7,0.7,0.7,0.7000000000000001,0.7000000000000001,0.7000000000000001,0.7000000000000001,0.7000000000000001,0.7000000000000001
39.06000000000003,1,Hamming,0.8,0.8,0.8,0.8,0.8,0.8,0.7000000000000001,0.7000000000000001,0.7000000000000001,0.7000000000000001,0.7000000000000001,0.7000000000000001
43.24479926575501,5,Hamming,0.8,0.8,0.8,0.8,0.8,0.8,0.7000000000000001,0.7000000000000001,0.7000000000000001,0.7000000000000001,0.7000000000000001,0.7000000000000001
44.56642404235818,10,Hamming,0.8,0.8,0.8,0.8,0.8,0.8,0.7000000000000001,0.7000000000000001,0.7000000000000001,0.7000000000000001,0.7000000000000001,0.7000000000000001
47.89067346483195,100,Hamming,0.8,0.8,0.8,0.8,0.8,0.8,0.7000000000000001,0.7000000000000001,0.7000000000000001,0.7000000000000001,0.7000000000000001,0.7000000000000001
50.318047293757225,1000,Hamming,0.8,0.8,0.8,0.8,0.8,0.8,0.7000000000000001,0.7000000000000001,0.7000000000000001,0.7000000000000001,0.7000000000000001,0.7000000000000001
52.26805459829073,10000,Hamming,0.8,0.8,0.8,0.8,0.8,0.8,0.7000000000000001,0.7000000000000001,0.7000000000000001,0.7000000000000001,0.7000000000000001,0.7000000000000001
39.06000000000003,1,Hamming,0.8,0.8,0.8,0.8,0.8,0.8,0.7000000000000001,0.7000000000000001,0.7000000000000001,0.7000000000000001,0.7000000000000001,0.7000000000000001
43.24479926575501,5,Hamming,0.8,0.8,0.8,0.8,0.8,0.8,0.7000000000000001,0.7000000000000001,0.7000000000000001,0.7000000000000001,0.7000000000000001,0.7000000000000001
44.56642404235818,10,Hamming,0.8,0.8,0.8,0.8,0.8,0.8,0.7000000000000001,0.7000000000000001,0.7000000000000001,0.7000000000000001,0.7000000000000001,0.7000000000000001
47.89067346483195,100,Hamming,0.8,0.8,0.8,0.8,0.8,0.8,0.7000000000000001,0.7000000000000001,0.7000000000000001,0.7000000000000001,0.7000000000000001,0.7000000000000001
50.318047293757225,1000,Hamming,0.8,0.8,0.8,0.8,0.8,0.8,0.7000000000000001,0.7000000000000001,0.7000000000000001,0.7000000000000001,0.7000000000000001,0.7000000000000001
52.26805459829073,10000,Hamming,0.8,0.8,0.8,0.8,0.8,0.8,0.7000000000000001,0.7000000000000001,0.7000000000000001,0.7000000000000001,0.7000000000000001,0.7000000000000001
41.58000000000003,1,Hamming,0.9,0.9,0.9,0.9,0.9,0.9,0.7000000000000001,0.7000000000000001,0.7000000000000001,0.7000000000000001,0.7000000000000001,0.7000000000000001
45.75377346653893,5,Hamming,0.9,0.9,0.9,0.9,0.9,0.9,0.7000000000000001,0.7000000000000001,0.7000000000000001,0.7000000000000001,0.7000000000000001,0.7000000000000001
47.06223177920587,10,Hamming,0.9,0.9,0.9,0.9,0.9,0.9,0.7000000000000001,0.7000000000000001,0.7000000000000001,0.7000000000000001,0.7000000000000001,0.7000000000000001
50.32811496592406,100,Hamming,0.9,0.9,0.9,0.9,0.9,0.9,0.7000000000000001,0.7000000000000001,0.7000000000000001,0.7000000000000001,0.7000000000000001,0.7000000000000001
52.685210896026234,1000,Hamming,0.9,0.9,0.9,0.9,0.9,0.9,0.7000000000000001,0.7000000000000001,0.7000000000000001,0.7000000000000001,0.7000000000000001,0.7000000000000001
54.55723841023453,10000,Hamming,0.9,0.9,0.9,0.9,0.9,0.9,0.7000000000000001,0.7000000000000001,0.7000000000000001,0.7000000000000001,0.7000000000000001,0.7000000000000001
41.58000000000003,1,Hamming,0.9,0.9,0.9,0.9,0.9,0.9,0.7000000000000001,0.7000000000000001,0.7000000000000001,0.7000000000000001,0.7000000000000001,0.7000000000000001
45.75377346653893,5,Hamming,0.9,0.9,0.9,0.9,0.9,0.9,0.7000000000000001,0.7000000000000001,0.7000000000000001,0.7000000000000001,0.7000000000000001,0.7000000000000001
47.06223177920587,10,Hamming,0.9,0.9,0.9,0.9,0.9,0.9,0.7000000000000001,0.7000000000000001,0.7000000000000001,0.7000000000000001,0.7000000000000001,0.7000000000000001
50.32811496592406,100,Hamming,0.9,0.9,0.9,0.9,0.9,0.9,0.7000000000000001,0.7000000000000001,0.7000000000000001,0.7000000000000001,0.7000000000000001,0.7000000000000001
52.685210896026234,1000,Hamming,0.9,0.9,0.9,0.9,0.9,0.9,0.7000000000000001,0.7000000000000001,0.7000000000000001,0.7000000000000001,0.7000000000000001,0.7000000000000001
54.55723841023453,10000,Hamming,0.9,0.9,0.9,0.9,0.9,0.9,0.7000000000000001,0.7000000000000001,0.7000000000000001,0.7000000000000001,0.7000000000000001,0.7000000000000001
44.10000000000001,1,Hamming,1,1,1,1,1,1,0.7000000000000001,0.7000000000000001,0.7000000000000001,0.7000000000000001,0.7000000000000001,0.7000000000000001
48.26268449869592,5,Hamming,1,1,1,1,1,1,0.7000000000000001,0.7000000000000001,0.7000000000000001,0.7000000000000001,0.7000000000000001,0.7000000000000001
49.55771297756975,10,Hamming,1,1,1,1,1,1,0.7000000000000001,0.7000000000000001,0.7000000000000001,0.7000000000000001,0.7000000000000001,0.7000000000000001
52.76245988989553,100,Hamming,1,1,1,1,1,1,0.7000000000000001,0.7000000000000001,0.7000000000000001,0.7000000000000001,0.7000000000000001,0.7000000000000001
55.043198233849296,1000,Hamming,1,1,1,1,1,1,0.7000000000000001,0.7000000000000001,0.7000000000000001,0.7000000000000001,0.7000000000000001,0.7000000000000001
56.82734304165896,10000,Hamming,1,1,1,1,1,1,0.7000000000000001,0.7000000000000001,0.7000000000000001,0.7000000000000001,0.7000000000000001,0.7000000000000001
44.10000000000001,1,Hamming,1,1,1,1,1,1,0.7000000000000001,0.7000000000000001,0.7000000000000001,0.7000000000000001,0.7000000000000001,0.7000000000000001
48.26268449869592,5,Hamming,1,1,1,1,1,1,0.7000000000000001,0.7000000000000001,0.7000000000000001,0.7000000000000001,0.7000000000000001,0.7000000000000001
49.55771297756975,10,Hamming,1,1,1,1,1,1,0.7000000000000001,0.7000000000000001,0.7000000000000001,0.7000000000000001,0.7000000000000001,0.7000000000000001
52.76245988989553,100,Hamming,1,1,1,1,1,1,0.7000000000000001,0.7000000000000001,0.7000000000000001,0.7000000000000001,0.7000000000000001,0.7000000000000001
55.043198233849296,1000,Hamming,1,1,1,1,1,1,0.7000000000000001,0.7000000000000001,0.7000000000000001,0.7000000000000001,0.7000000000000001,0.7000000000000001
56.82734304165896,10000,Hamming,1,1,1,1,1,1,0.7000000000000001,0.7000000000000001,0.7000000000000001,0.7000000000000001,0.7000000000000001,0.7000000000000001
31.49999999999995,1,Hamming,0.5,0.5,0.5,0.5,0.5,0.5,0.8,0.8,0.8,0.8,0.8,0.8
35.176835969276524,5,Hamming,0.5,0.5,0.5,0.5,0.5,0.5,0.8,0.8,0.8,0.8,0.8,0.8
36.36549782762002,10,Hamming,0.5,0.5,0.5,0.5,0.5,0.5,0.8,0.8,0.8,0.8,0.8,0.8
39.43256215540966,100,Hamming,0.5,0.5,0.5,0.5,0.5,0.5,0.8,0.8,0.8,0.8,0.8,0.8
41.7566620169407,1000,Hamming,0.5,0.5,0.5,0.5,0.5,0.5,0.8,0.8,0.8,0.8,0.8,0.8
43.687044400456685,10000,Hamming,0.5,0.5,0.5,0.5,0.5,0.5,0.8,0.8,0.8,0.8,0.8,0.8
31.49999999999995,1,Hamming,0.5,0.5,0.5,0.5,0.5,0.5,0.8,0.8,0.8,0.8,0.8,0.8
35.176835969276524,5,Hamming,0.5,0.5,0.5,0.5,0.5,0.5,0.8,0.8,0.8,0.8,0.8,0.8
36.36549782762002,10,Hamming,0.5,0.5,0.5,0.5,0.5,0.5,0.8,0.8,0.8,0.8,0.8,0.8
39.43256215540966,100,Hamming,0.5,0.5,0.5,0.5,0.5,0.5,0.8,0.8,0.8,0.8,0.8,0.8
41.7566620169407,1000,Hamming,0.5,0.5,0.5,0.5,0.5,0.5,0.8,0.8,0.8,0.8,0.8,0.8
43.687044400456685,10000,Hamming,0.5,0.5,0.5,0.5,0.5,0.5,0.8,0.8,0.8,0.8,0.8,0.8
35.28000000000003,1,Hamming,0.6,0.6,0.6,0.6,0.6,0.6,0.8,0.8,0.8,0.8,0.8,0.8
38.9404875817201,5,Hamming,0.6,0.6,0.6,0.6,0.6,0.6,0.8,0.8,0.8,0.8,0.8,0.8
40.11039934665398,10,Hamming,0.6,0.6,0.6,0.6,0.6,0.6,0.8,0.8,0.8,0.8,0.8,0.8
43.100669895763815,100,Hamming,0.6,0.6,0.6,0.6,0.6,0.6,0.8,0.8,0.8,0.8,0.8,0.8
45.34161715245919,1000,Hamming,0.6,0.6,0.6,0.6,0.6,0.6,0.8,0.8,0.8,0.8,0.8,0.8
47.18795464880754,10000,Hamming,0.6,0.6,0.6,0.6,0.6,0.6,0.8,0.8,0.8,0.8,0.8,0.8
35.28000000000003,1,Hamming,0.6,0.6,0.6,0.6,0.6,0.6,0.8,0.8,0.8,0.8,0.8,0.8
38.9404875817201,5,Hamming,0.6,0.6,0.6,0.6,0.6,0.6,0.8,0.8,0.8,0.8,0.8,0.8
40.11039934665398,10,Hamming,0.6,0.6,0.6,0.6,0.6,0.6,0.8,0.8,0.8,0.8,0.8,0.8
43.100669895763815,100,Hamming,0.6,0.6,0.6,0.6,0.6,0.6,0.8,0.8,0.8,0.8,0.8,0.8
45.34161715245919,1000,Hamming,0.6,0.6,0.6,0.6,0.6,0.6,0.8,0.8,0.8,0.8,0.8,0.8
47.18795464880754,10000,Hamming,0.6,0.6,0.6,0.6,0.6,0.6,0.8,0.8,0.8,0.8,0.8,0.8
39.06000000000001,1,Hamming,0.7,0.7,0.7,0.7,0.7,0.7,0.8,0.8,0.8,0.8,0.8,0.8
42.703972152299784,5,Hamming,0.7,0.7,0.7,0.7,0.7,0.7,0.8,0.8,0.8,0.8,0.8,0.8
43.85449566813387,10,Hamming,0.7,0.7,0.7,0.7,0.7,0.7,0.8,0.8,0.8,0.8,0.8,0.8
46.762555150739495,100,Hamming,0.7,0.7,0.7,0.7,0.7,0.7,0.8,0.8,0.8,0.8,0.8,0.8
48.911288905911135,1000,Hamming,0.7,0.7,0.7,0.7,0.7,0.7,0.8,0.8,0.8,0.8,0.8,0.8
50.662237766862944,10000,Hamming,0.7,0.7,0.7,0.7,0.7,0.7,0.8,0.8,0.8,0.8,0.8,0.8
39.06000000000001,1,Hamming,0.7,0.7,0.7,0.7,0.7,0.7,0.8,0.8,0.8,0.8,0.8,0.8
42.703972152299784,5,Hamming,0.7,0.7,0.7,0.7,0.7,0.7,0.8,0.8,0.8,0.8,0.8,0.8
43.85449566813387,10,Hamming,0.7,0.7,0.7,0.7,0.7,0.7,0.8,0.8,0.8,0.8,0.8,0.8
46.762555150739495,100,Hamming,0.7,0.7,0.7,0.7,0.7,0.7,0.8,0.8,0.8,0.8,0.8,0.8
48.911288905911135,1000,Hamming,0.7,0.7,0.7,0.7,0.7,0.7,0.8,0.8,0.8,0.8,0.8,0.8
50.662237766862944,10000,Hamming,0.7,0.7,0.7,0.7,0.7,0.7,0.8,0.8,0.8,0.8,0.8,0.8
42.840000000000025,1,Hamming,0.8,0.8,0.8,0.8,0.8,0.8,0.8,0.8,0.8,0.8,0.8,0.8
46.46729088074396,5,Hamming,0.8,0.8,0.8,0.8,0.8,0.8,0.8,0.8,0.8,0.8,0.8,0.8
47.59775164209519,10,Hamming,0.8,0.8,0.8,0.8,0.8,0.8,0.8,0.8,0.8,0.8,0.8,0.8
50.41717465714423,100,Hamming,0.8,0.8,0.8,0.8,0.8,0.8,0.8,0.8,0.8,0.8,0.8,0.8
52.461691467954026,1000,Hamming,0.8,0.8,0.8,0.8,0.8,0.8,0.8,0.8,0.8,0.8,0.8,0.8
54.10101988356005,10000,Hamming,0.8,0.8,0.8,0.8,0.8,0.8,0.8,0.8,0.8,0.8,0.8,0.8
42.840000000000025,1,Hamming,0.8,0.8,0.8,0.8,0.8,0.8,0.8,0.8,0.8,0.8,0.8,0.8
46.46729088074396,5,Hamming,0.8,0.8,0.8,0.8,0.8,0.8,0.8,0.8,0.8,0.8,0.8,0.8
47.59775164209519,10,Hamming,0.8,0.8,0.8,0.8,0.8,0.8,0.8,0.8,0.8,0.8,0.8,0.8
50.41717465714423,100,Hamming,0.8,0.8,0.8,0.8,0.8,0.8,0.8,0.8,0.8,0.8,0.8,0.8
52.461691467954026,1000,Hamming,0.8,0.8,0.8,0.8,0.8,0.8,0.8,0.8,0.8,0.8,0.8,0.8
54.10101988356005,10000,Hamming,0.8,0.8,0.8,0.8,0.8,0.8,0.8,0.8,0.8,0.8,0.8,0.8
46.62000000000002,1,Hamming,0.9,0.9,0.9,0.9,0.9,0.9,0.8,0.8,0.8,0.8,0.8,0.8
50.23044550831571,5,Hamming,0.9,0.9,0.9,0.9,0.9,0.9,0.8,0.8,0.8,0.8,0.8,0.8
51.340132566538166,10,Hamming,0.9,0.9,0.9,0.9,0.9,0.9,0.8,0.8,0.8,0.8,0.8,0.8
54.06319077624708,100,Hamming,0.9,0.9,0.9,0.9,0.9,0.9,0.8,0.8,0.8,0.8,0.8,0.8
55.98677112164833,1000,Hamming,0.9,0.9,0.9,0.9,0.9,0.9,0.8,0.8,0.8,0.8,0.8,0.8
57.48895140117203,10000,Hamming,0.9,0.9,0.9,0.9,0.9,0.9,0.8,0.8,0.8,0.8,0.8,0.8
46.62000000000002,1,Hamming,0.9,0.9,0.9,0.9,0.9,0.9,0.8,0.8,0.8,0.8,0.8,0.8
50.23044550831571,5,Hamming,0.9,0.9,0.9,0.9,0.9,0.9,0.8,0.8,0.8,0.8,0.8,0.8
51.340132566538166,10,Hamming,0.9,0.9,0.9,0.9,0.9,0.9,0.8,0.8,0.8,0.8,0.8,0.8
54.06319077624708,100,Hamming,0.9,0.9,0.9,0.9,0.9,0.9,0.8,0.8,0.8,0.8,0.8,0.8
55.98677112164833,1000,Hamming,0.9,0.9,0.9,0.9,0.9,0.9,0.8,0.8,0.8,0.8,0.8,0.8
57.48895140117203,10000,Hamming,0.9,0.9,0.9,0.9,0.9,0.9,0.8,0.8,0.8,0.8,0.8,0.8
50.400000000000006,1,Hamming,1,1,1,1,1,1,0.8,0.8,0.8,0.8,0.8,0.8
53.9934383105802,5,Hamming,1,1,1,1,1,1,0.8,0.8,0.8,0.8,0.8,0.8
55.08160480184959,10,Hamming,1,1,1,1,1,1,0.8,0.8,0.8,0.8,0.8,0.8
57.698867840774795,100,Hamming,1,1,1,1,1,1,0.8,0.8,0.8,0.8,0.8,0.8
59.477079343416776,1000,Hamming,1,1,1,1,1,1,0.8,0.8,0.8,0.8,0.8,0.8
60.791917854556026,10000,Hamming,1,1,1,1,1,1,0.8,0.8,0.8,0.8,0.8,0.8
50.400000000000006,1,Hamming,1,1,1,1,1,1,0.8,0.8,0.8,0.8,0.8,0.8
53.9934383105802,5,Hamming,1,1,1,1,1,1,0.8,0.8,0.8,0.8,0.8,0.8
55.08160480184959,10,Hamming,1,1,1,1,1,1,0.8,0.8,0.8,0.8,0.8,0.8
57.698867840774795,100,Hamming,1,1,1,1,1,1,0.8,0.8,0.8,0.8,0.8,0.8
59.477079343416776,1000,Hamming,1,1,1,1,1,1,0.8,0.8,0.8,0.8,0.8,0.8
60.791917854556026,10000,Hamming,1,1,1,1,1,1,0.8,0.8,0.8,0.8,0.8,0.8
31.499999999999957,1,Hamming,0.5,0.5,0.5,0.5,0.5,0.5,0.9,0.9,0.9,0.9,0.9,0.9
34.24656138263701,5,Hamming,0.5,0.5,0.5,0.5,0.5,0.5,0.9,0.9,0.9,0.9,0.9,0.9
35.14286732129044,10,Hamming,0.5,0.5,0.5,0.5,0.5,0.5,0.9,0.9,0.9,0.9,0.9,0.9
37.50205008815378,100,Hamming,0.5,0.5,0.5,0.5,0.5,0.5,0.9,0.9,0.9,0.9,0.9,0.9
39.34390152705544,1000,Hamming,0.5,0.5,0.5,0.5,0.5,0.5,0.9,0.9,0.9,0.9,0.9,0.9
40.91202491271781,10000,Hamming,0.5,0.5,0.5,0.5,0.5,0.5,0.9,0.9,0.9,0.9,0.9,0.9
31.499999999999957,1,Hamming,0.5,0.5,0.5,0.5,0.5,0.5,0.9,0.9,0.9,0.9,0.9,0.9
34.24656138263701,5,Hamming,0.5,0.5,0.5,0.5,0.5,0.5,0.9,0.9,0.9,0.9,0.9,0.9
35.14286732129044,10,Hamming,0.5,0.5,0.5,0.5,0.5,0.5,0.9,0.9,0.9,0.9,0.9,0.9
37.50205008815378,100,Hamming,0.5,0.5,0.5,0.5,0.5,0.5,0.9,0.9,0.9,0.9,0.9,0.9
39.34390152705544,1000,Hamming,0.5,0.5,0.5,0.5,0.5,0.5,0.9,0.9,0.9,0.9,0.9,0.9
40.91202491271781,10000,Hamming,0.5,0.5,0.5,0.5,0.5,0.5,0.9,0.9,0.9,0.9,0.9,0.9
36.540000000000035,1,Hamming,0.6,0.6,0.6,0.6,0.6,0.6,0.9,0.9,0.9,0.9,0.9,0.9
39.26439103420815,5,Hamming,0.6,0.6,0.6,0.6,0.6,0.6,0.9,0.9,0.9,0.9,0.9,0.9
40.135443168792875,10,Hamming,0.6,0.6,0.6,0.6,0.6,0.6,0.9,0.9,0.9,0.9,0.9,0.9
42.39654379824384,100,Hamming,0.6,0.6,0.6,0.6,0.6,0.6,0.9,0.9,0.9,0.9,0.9,0.9
44.14041594290869,1000,Hamming,0.6,0.6,0.6,0.6,0.6,0.6,0.9,0.9,0.9,0.9,0.9,0.9
45.61529379708595,10000,Hamming,0.6,0.6,0.6,0.6,0.6,0.6,0.9,0.9,0.9,0.9,0.9,0.9
36.540000000000035,1,Hamming,0.6,0.6,0.6,0.6,0.6,0.6,0.9,0.9,0.9,0.9,0.9,0.9
39.26439103420815,5,Hamming,0.6,0.6,0.6,0.6,0.6,0.6,0.9,0.9,0.9,0.9,0.9,0.9
40.135443168792875,10,Hamming,0.6,0.6,0.6,0.6,0.6,0.6,0.9,0.9,0.9,0.9,0.9,0.9
42.39654379824384,100,Hamming,0.6,0.6,0.6,0.6,0.6,0.6,0.9,0.9,0.9,0.9,0.9,0.9
44.14041594290869,1000,Hamming,0.6,0.6,0.6,0.6,0.6,0.6,0.9,0.9,0.9,0.9,0.9,0.9
45.61529379708595,10000,Hamming,0.6,0.6,0.6,0.6,0.6,0.6,0.9,0.9,0.9,0.9,0.9,0.9
41.580000000000005,1,Hamming,0.7,0.7,0.7,0.7,0.7,0.7,0.9,0.9,0.9,0.9,0.9,0.9
44.28180535028864,5,Hamming,0.7,0.7,0.7,0.7,0.7,0.7,0.9,0.9,0.9,0.9,0.9,0.9
45.12596815074368,10,Hamming,0.7,0.7,0.7,0.7,0.7,0.7,0.9,0.9,0.9,0.9,0.9,0.9
47.27651172609778,100,Hamming,0.7,0.7,0.7,0.7,0.7,0.7,0.9,0.9,0.9,0.9,0.9,0.9
48.905648357714,1000,Hamming,0.7,0.7,0.7,0.7,0.7,0.7,0.9,0.9,0.9,0.9,0.9,0.9
50.26970573174627,10000,Hamming,0.7,0.7,0.7,0.7,0.7,0.7,0.9,0.9,0.9,0.9,0.9,0.9
41.580000000000005,1,Hamming,0.7,0.7,0.7,0.7,0.7,0.7,0.9,0.9,0.9,0.9,0.9,0.9
44.28180535028864,5,Hamming,0.7,0.7,0.7,0.7,0.7,0.7,0.9,0.9,0.9,0.9,0.9,0.9
45.12596815074368,10,Hamming,0.7,0.7,0.7,0.7,0.7,0.7,0.9,0.9,0.9,0.9,0.9,0.9
47.27651172609778,100,Hamming,0.7,0.7,0.7,0.7,0.7,0.7,0.9,0.9,0.9,0.9,0.9,0.9
48.905648357714,1000,Hamming,0.7,0.7,0.7,0.7,0.7,0.7,0.9,0.9,0.9,0.9,0.9,0.9
50.26970573174627,10000,Hamming,0.7,0.7,0.7,0.7,0.7,0.7,0.9,0.9,0.9,0.9,0.9,0.9
46.62000000000002,1,Hamming,0.8,0.8,0.8,0.8,0.8,0.8,0.9,0.9,0.9,0.9,0.9,0.9
49.29881290422169,5,Hamming,0.8,0.8,0.8,0.8,0.8,0.8,0.9,0.9,0.9,0.9,0.9,0.9
50.114276552440415,10,Hamming,0.8,0.8,0.8,0.8,0.8,0.8,0.9,0.9,0.9,0.9,0.9,0.9
52.13701461114521,100,Hamming,0.8,0.8,0.8,0.8,0.8,0.8,0.9,0.9,0.9,0.9,0.9,0.9
53.624647760421624,1000,Hamming,0.8,0.8,0.8,0.8,0.8,0.8,0.9,0.9,0.9,0.9,0.9,0.9
54.84836720595524,10000,Hamming,0.8,0.8,0.8,0.8,0.8,0.8,0.9,0.9,0.9,0.9,0.9,0.9
46.62000000000002,1,Hamming,0.8,0.8,0.8,0.8,0.8,0.8,0.9,0.9,0.9,0.9,0.9,0.9
49.29881290422169,5,Hamming,0.8,0.8,0.8,0.8,0.8,0.8,0.9,0.9,0.9,0.9,0.9,0.9
50.114276552440415,10,Hamming,0.8,0.8,0.8,0.8,0.8,0.8,0.9,0.9,0.9,0.9,0.9,0.9
52.13701461114521,100,Hamming,0.8,0.8,0.8,0.8,0.8,0.8,0.9,0.9,0.9,0.9,0.9,0.9
53.624647760421624,1000,Hamming,0.8,0.8,0.8,0.8,0.8,0.8,0.9,0.9,0.9,0.9,0.9,0.9
54.84836720595524,10000,Hamming,0.8,0.8,0.8,0.8,0.8,0.8,0.9,0.9,0.9,0.9,0.9,0.9
51.66000000000001,1,Hamming,0.9,0.9,0.9,0.9,0.9,0.9,0.9,0.9,0.9,0.9,0.9,0.9
54.31542692307551,5,Hamming,0.9,0.9,0.9,0.9,0.9,0.9,0.9,0.9,0.9,0.9,0.9,0.9
55.10021504154344,10,Hamming,0.9,0.9,0.9,0.9,0.9,0.9,0.9,0.9,0.9,0.9,0.9,0.9
56.9698380493281,100,Hamming,0.9,0.9,0.9,0.9,0.9,0.9,0.9,0.9,0.9,0.9,0.9,0.9
58.26403520396608,1000,Hamming,0.9,0.9,0.9,0.9,0.9,0.9,0.9,0.9,0.9,0.9,0.9,0.9
59.282802754536654,10000,Hamming,0.9,0.9,0.9,0.9,0.9,0.9,0.9,0.9,0.9,0.9,0.9,0.9
51.66000000000001,1,Hamming,0.9,0.9,0.9,0.9,0.9,0.9,0.9,0.9,0.9,0.9,0.9,0.9
54.31542692307551,5,Hamming,0.9,0.9,0.9,0.9,0.9,0.9,0.9,0.9,0.9,0.9,0.9,0.9
55.10021504154344,10,Hamming,0.9,0.9,0.9,0.9,0.9,0.9,0.9,0.9,0.9,0.9,0.9,0.9
56.9698380493281,100,Hamming,0.9,0.9,0.9,0.9,0.9,0.9,0.9,0.9,0.9,0.9,0.9,0.9
58.26403520396608,1000,Hamming,0.9,0.9,0.9,0.9,0.9,0.9,0.9,0.9,0.9,0.9,0.9,0.9
59.282802754536654,10000,Hamming,0.9,0.9,0.9,0.9,0.9,0.9,0.9,0.9,0.9,0.9,0.9,0.9
56.7,1,Hamming,1,1,1,1,1,1,0.9,0.9,0.9,0.9,0.9,0.9
59.33166469117411,5,Hamming,1,1,1,1,1,1,0.9,0.9,0.9,0.9,0.9,0.9
60.08365306645299,10,Hamming,1,1,1,1,1,1,0.9,0.9,0.9,0.9,0.9,0.9
61.76055433426168,100,Hamming,1,1,1,1,1,1,0.9,0.9,0.9,0.9,0.9,0.9
62.730390524810105,1000,Hamming,1,1,1,1,1,1,0.9,0.9,0.9,0.9,0.9,0.9
62.999997972674976,10000,Hamming,1,1,1,1,1,1,0.9,0.9,0.9,0.9,0.9,0.9
56.7,1,Hamming,1,1,1,1,1,1,0.9,0.9,0.9,0.9,0.9,0.9
59.33166469117411,5,Hamming,1,1,1,1,1,1,0.9,0.9,0.9,0.9,0.9,0.9
60.08365306645299,10,Hamming,1,1,1,1,1,1,0.9,0.9,0.9,0.9,0.9,0.9
61.76055433426168,100,Hamming,1,1,1,1,1,1,0.9,0.9,0.9,0.9,0.9,0.9
62.730390524810105,1000,Hamming,1,1,1,1,1,1,0.9,0.9,0.9,0.9,0.9,0.9
62.999997972674976,10000,Hamming,1,1,1,1,1,1,0.9,0.9,0.9,0.9,0.9,0.9
31.499999999999982,1,Hamming,0.5,0.5,0.5,0.5,0.5,0.5,1,1,1,1,1,1
31.499999999999982,5,Hamming,0.5,0.5,0.5,0.5,0.5,0.5,1,1,1,1,1,1
31.499999999999982,10,Hamming,0.5,0.5,0.5,0.5,0.5,0.5,1,1,1,1,1,1
31.499999999999982,100,Hamming,0.5,0.5,0.5,0.5,0.5,0.5,1,1,1,1,1,1
31.499999999999982,1000,Hamming,0.5,0.5,0.5,0.5,0.5,0.5,1,1,1,1,1,1
31.499999999999982,10000,Hamming,0.5,0.5,0.5,0.5,0.5,0.5,1,1,1,1,1,1
31.499999999999982,1,Hamming,0.5,0.5,0.5,0.5,0.5,0.5,1,1,1,1,1,1
31.499999999999982,5,Hamming,0.5,0.5,0.5,0.5,0.5,0.5,1,1,1,1,1,1
31.499999999999982,10,Hamming,0.5,0.5,0.5,0.5,0.5,0.5,1,1,1,1,1,1
31.499999999999982,100,Hamming,0.5,0.5,0.5,0.5,0.5,0.5,1,1,1,1,1,1
31.499999999999982,1000,Hamming,0.5,0.5,0.5,0.5,0.5,0.5,1,1,1,1,1,1
31.499999999999982,10000,Hamming,0.5,0.5,0.5,0.5,0.5,0.5,1,1,1,1,1,1
37.80000000000003,1,Hamming,0.6,0.6,0.6,0.6,0.6,0.6,1,1,1,1,1,1
37.80000000000003,5,Hamming,0.6,0.6,0.6,0.6,0.6,0.6,1,1,1,1,1,1
37.80000000000003,10,Hamming,0.6,0.6,0.6,0.6,0.6,0.6,1,1,1,1,1,1
37.80000000000003,100,Hamming,0.6,0.6,0.6,0.6,0.6,0.6,1,1,1,1,1,1
37.80000000000003,1000,Hamming,0.6,0.6,0.6,0.6,0.6,0.6,1,1,1,1,1,1
37.80000000000003,10000,Hamming,0.6,0.6,0.6,0.6,0.6,0.6,1,1,1,1,1,1
37.80000000000003,1,Hamming,0.6,0.6,0.6,0.6,0.6,0.6,1,1,1,1,1,1
37.80000000000003,5,Hamming,0.6,0.6,0.6,0.6,0.6,0.6,1,1,1,1,1,1
37.80000000000003,10,Hamming,0.6,0.6,0.6,0.6,0.6,0.6,1,1,1,1,1,1
37.80000000000003,100,Hamming,0.6,0.6,0.6,0.6,0.6,0.6,1,1,1,1,1,1
37.80000000000003,1000,Hamming,0.6,0.6,0.6,0.6,0.6,0.6,1,1,1,1,1,1
37.80000000000003,10000,Hamming,0.6,0.6,0.6,0.6,0.6,0.6,1,1,1,1,1,1
44.10000000000001,1,Hamming,0.7,0.7,0.7,0.7,0.7,0.7,1,1,1,1,1,1
44.10000000000001,5,Hamming,0.7,0.7,0.7,0.7,0.7,0.7,1,1,1,1,1,1
44.10000000000001,10,Hamming,0.7,0.7,0.7,0.7,0.7,0.7,1,1,1,1,1,1
44.10000000000001,100,Hamming,0.7,0.7,0.7,0.7,0.7,0.7,1,1,1,1,1,1
44.10000000000001,1000,Hamming,0.7,0.7,0.7,0.7,0.7,0.7,1,1,1,1,1,1
44.10000000000001,10000,Hamming,0.7,0.7,0.7,0.7,0.7,0.7,1,1,1,1,1,1
44.10000000000001,1,Hamming,0.7,0.7,0.7,0.7,0.7,0.7,1,1,1,1,1,1
44.10000000000001,5,Hamming,0.7,0.7,0.7,0.7,0.7,0.7,1,1,1,1,1,1
44.10000000000001,10,Hamming,0.7,0.7,0.7,0.7,0.7,0.7,1,1,1,1,1,1
44.10000000000001,100,Hamming,0.7,0.7,0.7,0.7,0.7,0.7,1,1,1,1,1,1
44.10000000000001,1000,Hamming,0.7,0.7,0.7,0.7,0.7,0.7,1,1,1,1,1,1
44.10000000000001,10000,Hamming,0.7,0.7,0.7,0.7,0.7,0.7,1,1,1,1,1,1
50.40000000000001,1,Hamming,0.8,0.8,0.8,0.8,0.8,0.8,1,1,1,1,1,1
50.40000000000001,5,Hamming,0.8,0.8,0.8,0.8,0.8,0.8,1,1,1,1,1,1
50.40000000000001,10,Hamming,0.8,0.8,0.8,0.8,0.8,0.8,1,1,1,1,1,1
50.40000000000001,100,Hamming,0.8,0.8,0.8,0.8,0.8,0.8,1,1,1,1,1,1
50.40000000000001,1000,Hamming,0.8,0.8,0.8,0.8,0.8,0.8,1,1,1,1,1,1
50.40000000000001,10000,Hamming,0.8,0.8,0.8,0.8,0.8,0.8,1,1,1,1,1,1
50.40000000000001,1,Hamming,0.8,0.8,0.8,0.8,0.8,0.8,1,1,1,1,1,1
50.40000000000001,5,Hamming,0.8,0.8,0.8,0.8,0.8,0.8,1,1,1,1,1,1
50.40000000000001,10,Hamming,0.8,0.8,0.8,0.8,0.8,0.8,1,1,1,1,1,1
50.40000000000001,100,Hamming,0.8,0.8,0.8,0.8,0.8,0.8,1,1,1,1,1,1
50.40000000000001,1000,Hamming,0.8,0.8,0.8,0.8,0.8,0.8,1,1,1,1,1,1
50.40000000000001,10000,Hamming,0.8,0.8,0.8,0.8,0.8,0.8,1,1,1,1,1,1
56.7,1,Hamming,0.9,0.9,0.9,0.9,0.9,0.9,1,1,1,1,1,1
56.7,5,Hamming,0.9,0.9,0.9,0.9,0.9,0.9,1,1,1,1,1,1
56.7,10,Hamming,0.9,0.9,0.9,0.9,0.9,0.9,1,1,1,1,1,1
56.7,100,Hamming,0.9,0.9,0.9,0.9,0.9,0.9,1,1,1,1,1,1
56.7,1000,Hamming,0.9,0.9,0.9,0.9,0.9,0.9,1,1,1,1,1,1
56.7,10000,Hamming,0.9,0.9,0.9,0.9,0.9,0.9,1,1,1,1,1,1
56.7,1,Hamming,0.9,0.9,0.9,0.9,0.9,0.9,1,1,1,1,1,1
56.7,5,Hamming,0.9,0.9,0.9,0.9,0.9,0.9,1,1,1,1,1,1
56.7,10,Hamming,0.9,0.9,0.9,0.9,0.9,0.9,1,1,1,1,1,1
56.7,100,Hamming,0.9,0.9,0.9,0.9,0.9,0.9,1,1,1,1,1,1
56.7,1000,Hamming,0.9,0.9,0.9,0.9,0.9,0.9,1,1,1,1,1,1
56.7,10000,Hamming,0.9,0.9,0.9,0.9,0.9,0.9,1,1,1,1,1,1
63,1,Hamming,1,1,1,1,1,1,1,1,1,1,1,1
63,5,Hamming,1,1,1,1,1,1,1,1,1,1,1,1
63,10,Hamming,1,1,1,1,1,1,1,1,1,1,1,1
63,100,Hamming,1,1,1,1,1,1,1,1,1,1,1,1
63,1000,Hamming,1,1,1,1,1,1,1,1,1,1,1,1
63,10000,Hamming,1,1,1,1,1,1,1,1,1,1,1,1
