p,q,n,eMaxScore
0.5,0.05,1,31.50000000000003
0.55,0.05,1,28.66500000000001
0.6,0.05,1,25.830000000000013
0.65,0.05,1,22.99500000000002
0.7,0.05,1,20.160000000000004
0.75,0.05,1,17.325000000000028
0.8,0.05,1,14.490000000000006
0.8500000000000001,0.05,1,11.655000000000006
0.9,0.05,1,8.820000000000068
0.95,0.05,1,5.985000000000048
0.5,0.1,1,31.50000000000001
0.55,0.1,1,28.97999999999999
0.6,0.1,1,26.46000000000003
0.65,0.1,1,23.939999999999987
0.7,0.1,1,21.419999999999995
0.75,0.1,1,18.90000000000001
0.8,0.1,1,16.379999999999992
0.8500000000000001,0.1,1,13.860000000000007
0.9,0.1,1,11.34
0.95,0.1,1,8.820000000000084
0.5,0.15000000000000002,1,31.50000000000005
0.55,0.15000000000000002,1,29.29500000000003
0.6,0.15000000000000002,1,27.090000000000025
0.65,0.15000000000000002,1,24.88499999999998
0.7,0.15000000000000002,1,22.680000000000042
0.75,0.15000000000000002,1,20.475
0.8,0.15000000000000002,1,18.26999999999998
0.8500000000000001,0.15000000000000002,1,16.065000000000015
0.9,0.15000000000000002,1,13.860000000000015
0.95,0.15000000000000002,1,11.655000000000078
0.5,0.2,1,31.500000000000018
0.55,0.2,1,29.610000000000007
0.6,0.2,1,27.720000000000006
0.65,0.2,1,25.83000000000001
0.7,0.2,1,23.940000000000023
0.75,0.2,1,22.049999999999965
0.8,0.2,1,20.160000000000007
0.8500000000000001,0.2,1,18.270000000000017
0.9,0.2,1,16.38000000000001
0.95,0.2,1,14.489999999999995
0.5,0.25,1,31.499999999999982
0.55,0.25,1,29.925000000000026
0.6,0.25,1,28.349999999999994
0.65,0.25,1,26.77500000000001
0.7,0.25,1,25.20000000000004
0.75,0.25,1,23.624999999999968
0.8,0.25,1,22.050000000000004
0.8500000000000001,0.25,1,20.47499999999998
0.9,0.25,1,18.89999999999999
0.95,0.25,1,17.325000000000024
0.5,0.3,1,31.499999999999996
0.55,0.3,1,30.240000000000066
0.6,0.3,1,28.980000000000093
0.65,0.3,1,27.720000000000017
0.7,0.3,1,26.460000000000054
0.75,0.3,1,25.199999999999992
0.8,0.3,1,23.940000000000026
0.8500000000000001,0.3,1,22.679999999999996
0.9,0.3,1,21.420000000000016
0.95,0.3,1,20.159999999999965
0.5,0.35000000000000003,1,31.49999999999996
0.55,0.35000000000000003,1,30.554999999999993
0.6,0.35000000000000003,1,29.610000000000007
0.65,0.35000000000000003,1,28.66500000000002
0.7,0.35000000000000003,1,27.719999999999988
0.75,0.35000000000000003,1,26.77500000000005
0.8,0.35000000000000003,1,25.83000000000002
0.8500000000000001,0.35000000000000003,1,24.884999999999998
0.9,0.35000000000000003,1,23.94000000000002
0.95,0.35000000000000003,1,22.995000000000005
0.5,0.4,1,31.500000000000036
0.55,0.4,1,30.870000000000033
0.6,0.4,1,30.240000000000023
0.65,0.4,1,29.610000000000003
0.7,0.4,1,28.980000000000082
0.75,0.4,1,28.350000000000023
0.8,0.4,1,27.72000000000001
0.8500000000000001,0.4,1,27.090000000000018
0.9,0.4,1,26.46000000000001
0.95,0.4,1,25.83000000000003
0.5,0.45,1,31.500000000000078
0.55,0.45,1,31.185000000000027
0.6,0.45,1,30.870000000000044
0.65,0.45,1,30.555000000000014
0.7,0.45,1,30.240000000000073
0.75,0.45,1,29.92500000000002
0.8,0.45,1,29.610000000000017
0.8500000000000001,0.45,1,29.29500000000004
0.9,0.45,1,28.97999999999999
0.95,0.45,1,28.66500000000004
0.5,0.5,1,31.49999999999999
0.55,0.5,1,31.50000000000007
0.6,0.5,1,31.50000000000004
0.65,0.5,1,31.499999999999986
0.7,0.5,1,31.50000000000003
0.75,0.5,1,31.500000000000018
0.8,0.5,1,31.500000000000018
0.8500000000000001,0.5,1,31.500000000000057
0.9,0.5,1,31.500000000000057
0.95,0.5,1,31.500000000000043
0.5,0.55,1,31.50000000000008
0.55,0.55,1,31.81500000000006
0.6,0.55,1,32.13000000000007
0.65,0.55,1,32.44500000000005
0.7,0.55,1,32.76000000000002
0.75,0.55,1,33.07500000000009
0.8,0.55,1,33.39000000000003
0.8500000000000001,0.55,1,33.705000000000034
0.9,0.55,1,34.02000000000006
0.95,0.55,1,34.335000000000015
0.5,0.6000000000000001,1,31.500000000000018
0.55,0.6000000000000001,1,32.13000000000006
0.6,0.6000000000000001,1,32.760000000000026
0.65,0.6000000000000001,1,33.39000000000003
0.7,0.6000000000000001,1,34.02000000000004
0.75,0.6000000000000001,1,34.650000000000006
0.8,0.6000000000000001,1,35.280000000000015
0.8500000000000001,0.6000000000000001,1,35.91000000000002
0.9,0.6000000000000001,1,36.54000000000003
0.95,0.6000000000000001,1,37.17000000000005
0.5,0.6500000000000001,1,31.5
0.55,0.6500000000000001,1,32.44500000000006
0.6,0.6500000000000001,1,33.39000000000003
0.65,0.6500000000000001,1,34.33500000000007
0.7,0.6500000000000001,1,35.280000000000015
0.75,0.6500000000000001,1,36.225000000000016
0.8,0.6500000000000001,1,37.170000000000016
0.8500000000000001,0.6500000000000001,1,38.115000000000045
0.9,0.6500000000000001,1,39.06000000000005
0.95,0.6500000000000001,1,40.005000000000024
0.5,0.7000000000000001,1,31.500000000000057
0.55,0.7000000000000001,1,32.76000000000002
0.6,0.7000000000000001,1,34.02000000000004
0.65,0.7000000000000001,1,35.279999999999994
0.7,0.7000000000000001,1,36.54
0.75,0.7000000000000001,1,37.80000000000007
0.8,0.7000000000000001,1,39.06000000000005
0.8500000000000001,0.7000000000000001,1,40.32000000000004
0.9,0.7000000000000001,1,41.58000000000002
0.95,0.7000000000000001,1,42.84000000000005
0.5,0.7500000000000001,1,31.500000000000092
0.55,0.7500000000000001,1,33.075000000000095
0.6,0.7500000000000001,1,34.65000000000004
0.65,0.7500000000000001,1,36.225000000000065
0.7,0.7500000000000001,1,37.800000000000026
0.75,0.7500000000000001,1,39.37500000000003
0.8,0.7500000000000001,1,40.949999999999974
0.8500000000000001,0.7500000000000001,1,42.52500000000003
0.9,0.7500000000000001,1,44.1
0.95,0.7500000000000001,1,45.675000000000026
0.5,0.8,1,31.500000000000032
0.55,0.8,1,33.39000000000004
0.6,0.8,1,35.28000000000004
0.65,0.8,1,37.170000000000044
0.7,0.8,1,39.06000000000006
0.75,0.8,1,40.95000000000001
0.8,0.8,1,42.839999999999996
0.8500000000000001,0.8,1,44.73000000000003
0.9,0.8,1,46.620000000000026
0.95,0.8,1,48.510000000000005
0.5,0.8500000000000001,1,31.500000000000057
0.55,0.8500000000000001,1,33.705000000000055
0.6,0.8500000000000001,1,35.910000000000025
0.65,0.8500000000000001,1,38.11500000000006
0.7,0.8500000000000001,1,40.320000000000036
0.75,0.8500000000000001,1,42.525000000000006
0.8,0.8500000000000001,1,44.730000000000054
0.8500000000000001,0.8500000000000001,1,46.935000000000024
0.9,0.8500000000000001,1,49.140000000000036
0.95,0.8500000000000001,1,51.345
0.5,0.9000000000000001,1,31.5000000000001
0.55,0.9000000000000001,1,34.02000000000004
0.6,0.9000000000000001,1,36.54000000000003
0.65,0.9000000000000001,1,39.06000000000003
0.7,0.9000000000000001,1,41.58000000000004
0.75,0.9000000000000001,1,44.100000000000016
0.8,0.9000000000000001,1,46.62000000000003
0.8500000000000001,0.9000000000000001,1,49.14000000000003
0.9,0.9000000000000001,1,51.66000000000001
0.95,0.9000000000000001,1,54.180000000000014
0.5,0.95,1,31.50000000000003
0.55,0.95,1,34.33500000000003
0.6,0.95,1,37.17000000000003
0.65,0.95,1,40.00500000000001
0.7,0.95,1,42.840000000000025
0.75,0.95,1,45.675000000000026
0.8,0.95,1,48.51
0.8500000000000001,0.95,1,51.345000000000006
0.9,0.95,1,54.180000000000014
0.95,0.95,1,57.015000000000015
0.5,0.05,10,37.586817016942774
0.55,0.05,10,34.752854817155715
0.6,0.05,10,31.868391998203904
0.65,0.05,10,28.931492254954417
0.7,0.05,10,25.93862840452589
0.75,0.05,10,22.884139885294626
0.8,0.05,10,19.759190602109737
0.8500000000000001,0.05,10,16.549683152026326
0.9,0.05,10,13.231620821499588
0.95,0.05,10,9.758736557091748
0.5,0.1,10,37.58681701694264
0.55,0.1,10,35.07021132460334
0.6,0.1,10,32.51382479398083
0.65,0.1,10,29.916465710348316
0.7,0.1,10,27.276003222944656
0.75,0.1,10,24.589121207224753
0.8,0.1,10,21.85087829695391
0.8500000000000001,0.1,10,19.053916147892533
0.9,0.1,10,16.18695288179052
0.95,0.1,10,13.231620821499812
0.5,0.15000000000000002,10,37.58681701694286
0.55,0.15000000000000002,10,35.386947284887114
0.6,0.15000000000000002,10,33.15670131727656
0.65,0.15000000000000002,10,30.89538945031119
0.7,0.15000000000000002,10,28.60179791937155
0.75,0.15000000000000002,10,26.27408608683068
0.8,0.15000000000000002,10,23.909613504486313
0.8500000000000001,0.15000000000000002,10,21.504654463499023
0.9,0.15000000000000002,10,19.053916147892636
0.95,0.15000000000000002,10,16.549683152026702
0.5,0.2,10,37.58681701694262
0.55,0.2,10,35.7030640962852
0.6,0.2,10,33.79704508500882
0.65,0.2,10,31.868391998203787
0.7,0.2,10,29.916465710348767
0.75,0.2,10,27.940317636092917
0.8,0.2,10,25.938628404525975
0.8500000000000001,0.2,10,23.909613504486853
0.9,0.2,10,21.850878296954082
0.95,0.2,10,19.759190602109523
0.5,0.25,10,37.586817016942305
0.55,0.25,10,36.01856296396777
0.6,0.25,10,34.43487616900246
0.65,0.25,10,32.83558103746427
0.7,0.25,10,31.220375814344607
0.75,0.25,10,29.58882040057
0.8,0.25,10,27.940317636093326
0.8500000000000001,0.25,10,26.2740860868305
0.9,0.25,10,24.58912120722453
0.95,0.25,10,22.884139885294644
0.5,0.3,10,37.58681701694252
0.55,0.3,10,36.33344490183436
0.6,0.3,10,35.07021132460415
0.65,0.3,10,33.797045085009
0.7,0.3,10,32.5138247939811
0.75,0.3,10,31.22037581434399
0.8,0.3,10,29.91646571034873
0.8500000000000001,0.3,10,28.601797919371062
0.9,0.3,10,27.27600322294486
0.95,0.3,10,25.93862840452526
0.5,0.35000000000000003,10,37.586817016942085
0.55,0.35000000000000003,10,36.6477107340592
0.6,0.35000000000000003,10,35.703064096285274
0.65,0.35000000000000003,10,34.75285481715585
0.7,0.35000000000000003,10,33.7970450850085
0.75,0.35000000000000003,10,32.83558103746476
0.8,0.35000000000000003,10,31.868391998203947
0.8500000000000001,0.35000000000000003,10,30.895389450311363
0.9,0.35000000000000003,10,29.916465710348767
0.95,0.35000000000000003,10,28.931492254954012
0.5,0.4,10,37.5868170169428
0.55,0.4,10,36.96136109634189
0.6,0.4,10,36.33344490183402
0.65,0.4,10,35.703064096285175
0.7,0.4,10,35.07021132460399
0.75,0.4,10,34.43487616900295
0.8,0.4,10,33.797045085008904
0.8500000000000001,0.4,10,33.15670131727654
0.9,0.4,10,32.51382479398059
0.95,0.4,10,31.868391998203982
0.5,0.45,10,37.58681701694319
0.55,0.45,10,37.27439643685968
0.6,0.45,10,36.96136109634207
0.65,0.45,10,36.64771073405947
0.7,0.45,10,36.3334449018343
0.75,0.45,10,36.01856296396763
0.8,0.45,10,35.703064096285395
0.8500000000000001,0.45,10,35.3869472848871
0.9,0.45,10,35.07021132460338
0.95,0.45,10,34.75285481715593
0.5,0.5,10,37.58681701694225
0.55,0.5,10,37.586817016943115
0.6,0.5,10,37.586817016942796
0.65,0.5,10,37.58681701694232
0.7,0.5,10,37.58681701694274
0.75,0.5,10,37.58681701694265
0.8,0.5,10,37.58681701694259
0.8500000000000001,0.5,10,37.58681701694297
0.9,0.5,10,37.586817016943
0.95,0.5,10,37.586817016942874
0.5,0.55,10,37.58681701694315
0.55,0.55,10,37.89862291146047
0.6,0.55,10,38.209814008923765
0.65,0.55,10,38.52039001130633
0.7,0.55,10,38.83035043358373
0.75,0.55,10,39.13969460298337
0.8,0.55,10,39.44842165794945
0.8500000000000001,0.55,10,39.75653054681827
0.9,0.55,10,40.06402002619243
0.95,0.55,10,40.3708886590158
0.5,0.6000000000000001,10,37.58681701694251
0.55,0.6000000000000001,10,38.20981400892376
0.6,0.6000000000000001,10,38.83035043358363
0.65,0.6000000000000001,10,39.44842165794961
0.7,0.6000000000000001,10,40.064020026192395
0.75,0.6000000000000001,10,40.67713481233993
0.8,0.6000000000000001,10,41.287752153594255
0.8500000000000001,0.6000000000000001,10,41.89585496327786
0.9,0.6000000000000001,10,42.50142282212182
0.95,0.6000000000000001,10,43.104431846240836
0.5,0.6500000000000001,10,37.58681701694252
0.55,0.6500000000000001,10,38.5203900113064
0.6,0.6500000000000001,10,39.4484216579495
0.65,0.6500000000000001,10,40.37088865901625
0.7,0.6500000000000001,10,41.28775215359408
0.75,0.6500000000000001,10,42.198957171380805
0.8,0.6500000000000001,10,43.10443184624072
0.8500000000000001,0.6500000000000001,10,44.004086362851815
0.9,0.6500000000000001,10,44.897811599297
0.95,0.6500000000000001,10,45.78547741568974
0.5,0.7000000000000001,10,37.586817016942945
0.55,0.7000000000000001,10,38.830350433583774
0.6,0.7000000000000001,10,40.06402002619238
0.65,0.7000000000000001,10,41.287752153593914
0.7,0.7000000000000001,10,42.50142282212175
0.75,0.7000000000000001,10,43.70485452975797
0.8,0.7000000000000001,10,44.8978115992971
0.8500000000000001,0.7000000000000001,10,46.07999370339719
0.9,0.7000000000000001,10,47.25102714377427
0.95,0.7000000000000001,10,48.41045325000461
0.5,0.7500000000000001,10,37.58681701694327
0.55,0.7500000000000001,10,39.1396946029834
0.6,0.7500000000000001,10,40.677134812340284
0.65,0.7500000000000001,10,42.19895717138136
0.7,0.7500000000000001,10,43.704854529757576
0.75,0.7500000000000001,10,45.19438054420441
0.8,0.7500000000000001,10,46.666930522722666
0.8500000000000001,0.7500000000000001,10,48.121713596537404
0.9,0.7500000000000001,10,49.557712977569814
0.95,0.7500000000000001,10,50.97362911160108
0.5,0.8,10,37.58681701694275
0.55,0.8,10,39.448421657949716
0.6,0.8,10,41.287752153594106
0.65,0.8,10,43.104431846240864
0.7,0.8,10,44.89781159929713
0.75,0.8,10,46.66693052272301
0.8,0.8,10,48.4104532500042
0.8500000000000001,0.8,10,50.12657337957744
0.9,0.8,10,51.81286477831786
0.95,0.8,10,53.46604751131579
0.5,0.8500000000000001,10,37.58681701694298
0.55,0.8500000000000001,10,39.756530546818446
0.6,0.8500000000000001,10,41.89585496327787
0.65,0.8500000000000001,10,44.00408636285191
0.7,0.8500000000000001,10,46.07999370339707
0.75,0.8500000000000001,10,48.12171359653734
0.8,0.8500000000000001,10,50.126573379577664
0.8500000000000001,0.8500000000000001,10,52.090798482058446
0.9,0.8500000000000001,10,54.00901644451636
0.95,0.8500000000000001,10,55.87337067586256
0.5,0.9000000000000001,10,37.58681701694335
0.55,0.9000000000000001,10,40.06402002619235
0.6,0.9000000000000001,10,42.50142282212182
0.65,0.9000000000000001,10,44.89781159929701
0.7,0.9000000000000001,10,47.25102714377465
0.75,0.9000000000000001,10,49.557712977569935
0.8,0.9000000000000001,10,51.8128647783179
0.8500000000000001,0.9000000000000001,10,54.0090164445163
0.9,0.9000000000000001,10,56.13468073064717
0.95,0.9000000000000001,10,58.17103844765842
0.5,0.95,10,37.586817016942625
0.55,0.95,10,40.37088865901595
0.6,0.95,10,43.10443184624075
0.65,0.95,10,45.78547741568963
0.7,0.95,10,48.41045325000449
0.75,0.95,10,50.973629111601056
0.8,0.95,10,53.46604751131571
0.8500000000000001,0.95,10,55.873370675862624
0.9,0.95,10,58.17103844765838
0.95,0.95,10,60.311058381392215
0.5,0.05,100,41.37348045447542
0.55,0.05,100,38.58124670043857
0.6,0.05,100,35.706575568708864
0.65,0.05,100,32.7463284784238
0.7,0.05,100,29.694758585658903
0.75,0.05,100,26.54262429652135
0.8,0.05,100,23.275482598412854
0.8500000000000001,0.05,100,19.870269180692215
0.9,0.05,100,16.28768554287989
0.95,0.05,100,12.451878316657623
0.5,0.1,100,41.37348045447401
0.55,0.1,100,38.89553042048873
0.6,0.1,100,36.35263965230316
0.65,0.1,100,33.74287977439152
0.7,0.1,100,31.062782234534026
0.75,0.1,100,28.30693652861529
0.8,0.1,100,25.467270153041678
0.8500000000000001,0.1,100,22.53175126711906
0.9,0.1,100,19.481917704616446
0.95,0.1,100,16.28768554288237
0.5,0.15000000000000002,100,41.37348045447604
0.55,0.15000000000000002,100,39.20880113677976
0.6,0.15000000000000002,100,36.994531811747606
0.65,0.15000000000000002,100,34.72955900659186
0.7,0.15000000000000002,100,32.411909399347664
0.75,0.15000000000000002,100,30.03858231862086
0.8,0.15000000000000002,100,27.605267021574946
0.8500000000000001,0.15000000000000002,100,25.10587521341411
0.9,0.15000000000000002,100,22.53175126712004
0.95,0.15000000000000002,100,19.870269180695935
0.5,0.2,100,41.373480454473906
0.55,0.2,100,39.52106108406529
0.6,0.2,100,37.63229022706993
0.65,0.2,100,35.706575568707954
0.7,0.2,100,33.74287977439554
0.75,0.2,100,31.739658166788594
0.8,0.2,100,29.694758585659695
0.8500000000000001,0.2,100,27.605267021580072
0.9,0.2,100,25.4672701530431
0.95,0.2,100,23.27548259841084
0.5,0.25,100,41.373480454471036
0.55,0.25,100,39.832312181147046
0.6,0.25,100,38.2659474049633
0.65,0.25,100,36.67410470226821
0.7,0.25,100,35.05629549395372
0.75,0.25,100,33.41180429327103
0.8,0.25,100,31.739658166792488
0.8500000000000001,0.25,100,30.03858231861916
0.9,0.25,100,28.306936528613047
0.95,0.25,100,26.542624296521502
0.5,0.3,100,41.37348045447319
0.55,0.3,100,40.1425560475715
0.6,0.3,100,38.895530420495646
0.65,0.3,100,37.63229022707126
0.7,0.3,100,36.352639652305115
0.75,0.3,100,35.056295493947744
0.8,0.3,100,33.74287977439535
0.8500000000000001,0.3,100,32.41190939934345
0.9,0.3,100,31.062782234535668
0.95,0.3,100,29.69475858565282
0.5,0.35000000000000003,100,41.37348045446898
0.55,0.35000000000000003,100,40.451793976724886
0.6,0.35000000000000003,100,39.521061084066105
0.65,0.35000000000000003,100,38.58124670044011
0.7,0.35000000000000003,100,37.63229022706651
0.75,0.35000000000000003,100,36.674104702272906
0.8,0.35000000000000003,100,35.70657556870927
0.8500000000000001,0.35000000000000003,100,34.72955900659329
0.9,0.35000000000000003,100,33.7428797743953
0.95,0.35000000000000003,100,32.74632847841964
0.5,0.4,100,41.37348045447516
0.55,0.4,100,40.760026948166015
0.6,0.4,100,40.142556047568235
0.65,0.4,100,39.521061084065295
0.7,0.4,100,38.89553042049417
0.75,0.4,100,38.26594740496747
0.8,0.4,100,37.63229022707021
0.8500000000000001,0.4,100,36.99453181174758
0.9,0.4,100,36.35263965230052
0.95,0.4,100,35.70657556870942
0.5,0.45,100,41.37348045447924
0.55,0.45,100,41.06725565062142
0.6,0.45,100,40.760026948167805
0.65,0.45,100,40.451793976727245
0.7,0.45,100,40.14255604757004
0.75,0.45,100,39.83231218114503
0.8,0.45,100,39.52106108406679
0.8500000000000001,0.45,100,39.20880113677975
0.9,0.45,100,38.89553042048896
0.95,0.45,100,38.581246700440566
0.5,0.5,100,41.37348045447053
0.55,0.5,100,41.373480454478454
0.6,0.5,100,41.3734804544748
0.65,0.5,100,41.37348045447129
0.7,0.5,100,41.37348045447525
0.75,0.5,100,41.3734804544744
0.8,0.5,100,41.37348045447388
0.8500000000000001,0.5,100,41.373480454476706
0.9,0.5,100,41.37348045447689
0.95,0.5,100,41.37348045447561
0.5,0.55,100,41.37348045447867
0.55,0.55,100,41.67870141329549
0.6,0.55,100,41.98291829282656
0.65,0.55,100,42.28613054597716
0.7,0.55,100,42.58833730124349
0.75,0.55,100,42.8895373959561
0.8,0.55,100,43.18972935817504
0.8500000000000001,0.55,100,43.48891138013663
0.9,0.55,100,43.78708135198825
0.95,0.55,100,44.084236855980116
0.5,0.6000000000000001,100,41.37348045447269
0.55,0.6000000000000001,100,41.98291829282641
0.6,0.6000000000000001,100,42.588337301242234
0.65,0.6000000000000001,100,43.189729358176386
0.7,0.6000000000000001,100,43.78708135198814
0.75,0.6000000000000001,100,44.38037512469795
0.8,0.6000000000000001,100,44.969587288436806
0.8500000000000001,0.6000000000000001,100,45.554689149845686
0.9,0.6000000000000001,100,46.135646487138246
0.95,0.6000000000000001,100,46.71241928836512
0.5,0.6500000000000001,100,41.373480454473174
0.55,0.6500000000000001,100,42.2861305459778
0.6,0.6500000000000001,100,43.1897293581754
0.65,0.6500000000000001,100,44.08423685598446
0.7,0.6500000000000001,100,44.96958728843522
0.75,0.6500000000000001,100,45.845688241963984
0.8,0.6500000000000001,100,46.71241928836448
0.8500000000000001,0.6500000000000001,100,47.569630180125714
0.9,0.6500000000000001,100,48.4171385274861
0.95,0.6500000000000001,100,49.25472686881579
0.5,0.7000000000000001,100,41.37348045447684
0.55,0.7000000000000001,100,42.58833730124371
0.6,0.7000000000000001,100,43.787081351988135
0.65,0.7000000000000001,100,44.96958728843385
0.7,0.7000000000000001,100,46.135646487137066
0.75,0.7000000000000001,100,47.28496159028041
0.8,0.7000000000000001,100,48.41713852748691
0.8500000000000001,0.7000000000000001,100,49.53167544041286
0.9,0.7000000000000001,100,50.627947723782974
0.95,0.7000000000000001,100,51.705188069227475
0.5,0.7500000000000001,100,41.3734804544797
0.55,0.7500000000000001,100,42.889537395956346
0.6,0.7500000000000001,100,44.38037512470066
0.65,0.7500000000000001,100,45.845688241968794
0.7,0.7500000000000001,100,47.28496159027738
0.75,0.7500000000000001,100,48.69744868139537
0.8,0.7500000000000001,100,50.08213901678853
0.8500000000000001,0.7500000000000001,100,51.43771020531096
0.9,0.7500000000000001,100,52.76245988989602
0.95,0.7500000000000001,100,54.054206591368896
0.5,0.8,100,41.37348045447496
0.55,0.8,100,43.189729358177125
0.6,0.8,100,44.969587288435385
0.65,0.8,100,46.71241928836569
0.7,0.8,100,48.41713852748722
0.75,0.8,100,50.08213901679148
0.8,0.8,100,51.70518806922438
0.8500000000000001,0.8,100,53.2832600288059
0.9,0.8,100,54.8122788129366
0.95,0.8,100,56.28670880027129
0.5,0.8500000000000001,100,41.37348045447659
0.55,0.8500000000000001,100,43.488911380137814
0.6,0.8500000000000001,100,45.5546891498457
0.65,0.8500000000000001,100,47.569630180126524
0.7,0.8500000000000001,100,49.53167544041172
0.75,0.8500000000000001,100,51.437710205310474
0.8,0.8500000000000001,100,53.28326002880759
0.8500000000000001,0.8500000000000001,100,55.0619841380786
0.9,0.8500000000000001,100,56.764806120568686
0.95,0.8500000000000001,100,58.37833027073161
0.5,0.9000000000000001,100,41.37348045448016
0.55,0.9000000000000001,100,43.78708135198772
0.6,0.9000000000000001,100,46.13564648713776
0.65,0.9000000000000001,100,48.41713852748571
0.7,0.9000000000000001,100,50.62794772378601
0.75,0.9000000000000001,100,52.76245988989693
0.8,0.9000000000000001,100,54.81227881293663
0.8500000000000001,0.9000000000000001,100,56.76480612056823
0.9,0.9000000000000001,100,58.60046585790669
0.95,0.9000000000000001,100,60.28659509368495
0.5,0.95,100,41.37348045447363
0.55,0.95,100,44.08423685598139
0.6,0.95,100,46.712419288364714
0.65,0.95,100,49.254726868814906
0.7,0.95,100,51.705188069226274
0.75,0.95,100,54.0542065913687
0.8,0.95,100,56.28670880027062
0.8500000000000001,0.95,100,58.378330270732185
0.9,0.95,100,60.28659509368478
0.95,0.95,100,61.925057542619484
0.5,0.05,1000,44.19209092557808
0.55,0.05,1000,41.452273410170584
0.6,0.05,1000,38.605641163353894
0.65,0.05,1000,35.64817598612601
0.7,0.05,1000,32.572460500295435
0.75,0.05,1000,29.366528309271523
0.8,0.05,1000,26.01164859769198
0.8500000000000001,0.05,1000,22.477896425887263
0.9,0.05,1000,18.714115398271613
0.95,0.05,1000,14.621574219311757
0.5,0.1,1000,44.19209092556476
0.55,0.1,1000,41.76192832947443
0.6,0.1,1000,39.24761184266304
0.65,0.1,1000,36.64669101768539
0.7,0.1,1000,33.95468338346844
0.75,0.1,1000,31.164595865990353
0.8,0.1,1000,28.265971171946425
0.8500000000000001,0.1,1000,25.243196357914105
0.9,0.1,1000,22.07228754347635
0.95,0.1,1000,18.71411539829539
0.5,0.15000000000000002,1000,44.19209092558462
0.55,0.15000000000000002,1000,42.07026673905399
0.6,0.15000000000000002,1000,39.88418412727759
0.65,0.15000000000000002,1000,37.63242266216403
0.7,0.15000000000000002,1000,35.31244012100139
0.75,0.15000000000000002,1000,32.92036871341259
0.8,0.15000000000000002,1000,30.45062289219038
0.8500000000000001,0.15000000000000002,1000,27.895307269467285
0.9,0.15000000000000002,1000,25.243196357922507
0.95,0.15000000000000002,1000,22.477896425922015
0.5,0.2,1000,44.19209092556411
0.55,0.2,1000,42.377300692386314
0.6,0.2,1000,40.51540081582982
0.65,0.2,1000,38.60564116334612
0.7,0.2,1000,36.64669101772321
0.75,0.2,1000,34.63655842572118
0.8,0.2,1000,32.57246050030399
0.8500000000000001,0.2,1000,30.45062289223845
0.9,0.2,1000,28.265971171957432
0.95,0.2,1000,26.01164859767191
0.5,0.25,1000,44.19209092553883
0.55,0.25,1000,42.6830270839875
0.6,0.25,1000,41.141300563527295
0.65,0.25,1000,39.56657227982949
0.7,0.25,1000,37.958205204768504
0.75,0.25,1000,36.31528474876252
0.8,0.25,1000,34.63655842575788
0.8500000000000001,0.25,1000,32.92036871339717
0.9,0.25,1000,31.16459586596853
0.95,0.25,1000,29.366528309273182
0.5,0.3,1000,44.19209092555805
0.55,0.3,1000,42.98744269248898
0.6,0.3,1000,41.7619283295351
0.65,0.3,1000,40.515400815839364
0.7,0.3,1000,39.247611842678886
0.75,0.3,1000,37.95820520471007
0.8,0.3,1000,36.646691017722326
0.8500000000000001,0.3,1000,35.31244012096204
0.9,0.3,1000,33.954683383485
0.95,0.3,1000,32.572460500238066
0.5,0.35000000000000003,1000,44.192090925520404
0.55,0.35000000000000003,1000,43.290558887784464
0.6,0.35000000000000003,1000,42.3773006923967
0.65,0.35000000000000003,1000,41.45227341018344
0.7,0.35000000000000003,1000,40.51540081579577
0.75,0.35000000000000003,1000,39.56657227987526
0.8,0.35000000000000003,1000,38.60564116335707
0.8500000000000001,0.35000000000000003,1000,37.63242266217548
0.9,0.35000000000000003,1000,36.646691017720116
0.95,0.35000000000000003,1000,35.64817598608562
0.5,0.4,1000,44.192090925572856
0.55,0.4,1000,43.59237475731675
0.6,0.4,1000,42.98744269246015
0.65,0.4,1000,42.377300692386456
0.7,0.4,1000,41.761928329521496
0.75,0.4,1000,41.141300563565466
0.8,0.4,1000,40.51540081583187
0.8500000000000001,0.4,1000,39.884184127276725
0.9,0.4,1000,39.24761184263816
0.95,0.4,1000,38.605641163358456
0.5,0.45,1000,44.192090925613684
0.55,0.45,1000,43.89288242928525
0.6,0.45,1000,43.59237475733395
0.65,0.45,1000,43.29055888780722
0.7,0.45,1000,42.987442692474346
0.75,0.45,1000,42.68302708396816
0.8,0.45,1000,42.377300692400475
0.8500000000000001,0.45,1000,42.07026673905045
0.9,0.45,1000,41.76192832947661
0.95,0.45,1000,41.452273410187715
0.5,0.5,1000,44.19209092553058
0.55,0.5,1000,44.19209092560712
0.6,0.5,1000,44.19209092556886
0.65,0.5,1000,44.19209092554111
0.7,0.5,1000,44.19209092557626
0.75,0.5,1000,44.192090925567875
0.8,0.5,1000,44.19209092556265
0.8500000000000001,0.5,1000,44.1920909255877
0.9,0.5,1000,44.1920909255889
0.95,0.5,1000,44.19209092557789
0.5,0.55,1000,44.19209092560912
0.55,0.55,1000,44.49000292877516
0.6,0.55,1000,44.78660690313164
0.65,0.55,1000,45.08190706879957
0.7,0.55,1000,45.375910393378895
0.75,0.55,1000,45.66860414209431
0.8,0.55,1000,45.95998503405211
0.8500000000000001,0.55,1000,46.25006327030202
0.9,0.55,1000,46.538828899617464
0.95,0.55,1000,46.82626951022793
0.5,0.6000000000000001,1000,44.19209092554984
0.55,0.6000000000000001,1000,44.786606903130554
0.6,0.6000000000000001,1000,45.37591039336886
0.65,0.6000000000000001,1000,45.95998503406179
0.7,0.6000000000000001,1000,46.53882889961663
0.75,0.6000000000000001,1000,47.112394760491284
0.8,0.6000000000000001,1000,47.680670962691956
0.8500000000000001,0.6000000000000001,1000,48.24360920199586
0.9,0.6000000000000001,1000,48.801156613326526
0.95,0.6000000000000001,1000,49.353283557865424
0.5,0.6500000000000001,1000,44.192090925557196
0.55,0.6500000000000001,1000,45.0819070688053
0.6,0.6500000000000001,1000,45.959985034052124
0.65,0.6500000000000001,1000,46.82626951026791
0.7,0.6500000000000001,1000,47.680670962680004
0.75,0.6500000000000001,1000,48.52306370730943
0.8,0.6500000000000001,1000,49.35328355786138
0.8500000000000001,0.6500000000000001,1000,50.171125808303884
0.9,0.6500000000000001,1000,50.97634433758759
0.95,0.6500000000000001,1000,51.76865106918689
0.5,0.7000000000000001,1000,44.19209092559164
0.55,0.7000000000000001,1000,45.37591039338131
0.6,0.7000000000000001,1000,46.53882889961674
0.65,0.7000000000000001,1000,47.680670962668096
0.7,0.7000000000000001,1000,48.801156613313005
0.75,0.7000000000000001,1000,49.899890106189936
0.8,0.7000000000000001,1000,50.97634433759636
0.8500000000000001,0.7000000000000001,1000,52.02984437938448
0.9,0.7000000000000001,1000,53.05954827374261
0.95,0.7000000000000001,1000,54.064421046101224
0.5,0.7500000000000001,1000,44.19209092561492
0.55,0.7500000000000001,1000,45.6686041420937
0.6,0.7500000000000001,1000,47.112394760514675
0.65,0.7500000000000001,1000,48.5230637073518
0.7,0.7500000000000001,1000,49.89989010616416
0.75,0.7500000000000001,1000,51.24191137464367
0.8,0.7500000000000001,1000,52.54771139338105
0.8500000000000001,0.7500000000000001,1000,53.81557271179306
0.9,0.7500000000000001,1000,55.043198233853104
0.95,0.7500000000000001,1000,56.227506373039944
0.5,0.8,1000,44.19209092557229
0.55,0.8,1000,45.959985034069405
0.6,0.8,1000,47.680670962680054
0.65,0.8,1000,49.35328355787143
0.7,0.8,1000,50.97634433759894
0.75,0.8,1000,52.54771139340516
0.8,0.8,1000,54.06442104607748
0.8500000000000001,0.8,1000,55.52225928221283
0.9,0.8,1000,56.91594047299206
0.95,0.8,1000,58.23741392148403
0.5,0.8500000000000001,1000,44.19209092558676
0.55,0.8500000000000001,1000,46.2500632703127
0.6,0.8500000000000001,1000,48.24360920199308
0.65,0.8500000000000001,1000,50.171125808311416
0.7,0.8500000000000001,1000,52.02984437937419
0.75,0.8500000000000001,1000,53.81557271178862
0.8,0.8500000000000001,1000,55.522259282226045
0.8500000000000001,0.8500000000000001,1000,57.14133412509951
0.9,0.8500000000000001,1000,58.66063346660158
0.95,0.8500000000000001,1000,60.06026879062175
0.5,0.9000000000000001,1000,44.1920909256197
0.55,0.9000000000000001,1000,46.53882889961209
0.6,0.9000000000000001,1000,48.80115661332023
0.65,0.9000000000000001,1000,50.97634433758276
0.7,0.9000000000000001,1000,53.05954827376852
0.75,0.9000000000000001,1000,55.04319823386031
0.8,0.9000000000000001,1000,56.91594047299137
0.8500000000000001,0.9000000000000001,1000,58.66063346659853
0.9,0.9000000000000001,1000,60.249955494397334
0.95,0.9000000000000001,1000,61.63192924289617
0.5,0.95,1000,44.19209092555942
0.55,0.95,1000,46.82626951024162
0.6,0.95,1000,49.353283557862
0.65,0.95,1000,51.76865106917985
0.7,0.95,1000,54.06442104608942
0.75,0.95,1000,56.22750637303814
0.8,0.95,1000,58.23741392147906
0.8500000000000001,0.95,1000,60.060268790626424
0.9,0.95,1000,61.63192924289517
0.95,0.95,1000,62.84416075970214
0.5,0.05,10000,46.49138943931321
0.55,0.05,10000,43.809138809116156
0.6,0.05,10000,40.99962237157561
0.65,0.05,10000,38.05808632069852
0.7,0.05,10000,34.975750033931114
0.75,0.05,10000,31.738393541856496
0.8,0.05,10000,28.323824880506642
0.8500000000000001,0.05,10000,24.696068944006498
0.9,0.05,10000,20.794502774428423
0.95,0.05,10000,16.500447280305046
0.5,0.1,10000,46.49138943918743
0.55,0.1,10000,44.113462318910635
0.6,0.1,10000,41.63511701950885
0.65,0.1,10000,39.0537139911484
0.7,0.1,10000,36.3638395543023
0.75,0.1,10000,33.55716259370099
0.8,0.1,10000,30.62129974919403
0.8500000000000001,0.1,10000,27.53764401941951
0.9,0.1,10000,24.27764125857595
0.95,0.1,10000,20.794502774657396
0.5,0.15000000000000002,10000,46.49138943937422
0.55,0.15000000000000002,10000,44.416126977519376
0.6,0.15000000000000002,10000,42.264268431815175
0.65,0.15000000000000002,10000,40.03411944757242
0.7,0.15000000000000002,10000,37.722723520491286
0.75,0.15000000000000002,10000,35.32559933831911
0.8,0.15000000000000002,10000,32.83590205883676
0.8500000000000001,0.15000000000000002,10000,30.24447353698831
0.9,0.15000000000000002,10000,27.537644019496852
0.95,0.15000000000000002,10000,24.696068944329404
0.5,0.2,10000,46.49138943919539
0.55,0.2,10000,44.71722617024568
0.6,0.2,10000,42.88693693051258
0.65,0.2,10000,40.99962237150263
0.7,0.2,10000,39.053713991490426
0.75,0.2,10000,37.04685790681846
0.8,0.2,10000,34.97575003400641
0.8500000000000001,0.2,10000,32.83590205928177
0.9,0.2,10000,30.62129974928935
0.95,0.2,10000,28.323824880319393
0.5,0.25,10000,46.491389438963466
0.55,0.25,10000,45.01686864598079
0.6,0.25,10000,43.50331927791456
0.65,0.25,10000,41.95048903555269
0.7,0.25,10000,40.3576093300558
0.75,0.25,10000,38.72350531466666
0.8,0.25,10000,37.04685790717072
0.8500000000000001,0.25,10000,35.325599338180396
0.9,0.25,10000,33.557162593496514
0.95,0.25,10000,31.738393541875013
0.5,0.3,10000,46.4913894391371
0.55,0.3,10000,45.31488667085231
0.6,0.3,10000,44.11346231945338
0.65,0.3,10000,42.88693693058282
0.7,0.3,10000,41.6351170196466
0.75,0.3,10000,40.3576093295095
0.8,0.3,10000,39.05371399150073
0.8500000000000001,0.3,10000,37.72272352013486
0.9,0.3,10000,36.36383955446276
0.95,0.3,10000,34.975750033394704
0.5,0.35000000000000003,10000,46.49138943879295
0.55,0.35000000000000003,10000,45.61129170113378
0.6,0.35000000000000003,10000,44.717226170356014
0.65,0.35000000000000003,10000,43.8091388092203
0.7,0.35000000000000003,10000,42.886936930196846
0.75,0.35000000000000003,10000,41.95048903597984
0.8,0.35000000000000003,10000,40.99962237161378
0.8500000000000001,0.35000000000000003,10000,40.034119447660956
0.9,0.35000000000000003,10000,39.05371399145727
0.95,0.35000000000000003,10000,38.0580863203169
0.5,0.4,10000,46.491389439263926
0.55,0.4,10000,45.90625530046327
0.6,0.4,10000,45.31488667060351
0.65,0.4,10000,44.71722617025273
0.7,0.4,10000,44.11346231933328
0.75,0.4,10000,43.50331927828267
0.8,0.4,10000,42.88693693052667
0.8500000000000001,0.4,10000,42.26426843180211
0.9,0.4,10000,41.635117019284436
0.95,0.4,10000,40.9996223716102
0.5,0.45,10000,46.49138943961862
0.55,0.45,10000,46.199652960602606
0.6,0.45,10000,45.90625530062317
0.65,0.45,10000,45.611291701356166
0.7,0.45,10000,45.31488667071701
0.75,0.45,10000,45.01686864580194
0.8,0.45,10000,44.71722617038556
0.8500000000000001,0.45,10000,44.416126977476836
0.9,0.45,10000,44.11346231892627
0.95,0.45,10000,43.80913880926988
0.5,0.5,10000,46.49138943887734
0.55,0.5,10000,46.49138943957588
0.6,0.5,10000,46.49138943921361
0.65,0.5,10000,46.491389438975304
0.7,0.5,10000,46.491389439280184
0.75,0.5,10000,46.49138943921988
0.8,0.5,10000,46.491389439163264
0.8500000000000001,0.5,10000,46.49138943938551
0.9,0.5,10000,46.49138943939778
0.95,0.5,10000,46.4913894393072
0.5,0.55,10000,46.49138943960575
0.55,0.55,10000,46.78165746157653
0.6,0.55,10000,47.07043511929627
0.65,0.55,10000,47.35753099123005
0.7,0.55,10000,47.643079636660865
0.75,0.55,10000,47.9272005614707
0.8,0.55,10000,48.209677548090674
0.8500000000000001,0.55,10000,48.49049585940013
0.9,0.55,10000,48.769885244480705
0.95,0.55,10000,49.04773247439523
0.5,0.6000000000000001,10000,46.4913894390426
0.55,0.6000000000000001,10000,47.07043511928072
0.6,0.6000000000000001,10000,47.64307963659077
0.65,0.6000000000000001,10000,48.20967754816949
0.7,0.6000000000000001,10000,48.76988524448664
0.75,0.6000000000000001,10000,49.323838017074216
0.8,0.6000000000000001,10000,49.87154668906399
0.8500000000000001,0.6000000000000001,10000,50.41267349930687
0.9,0.6000000000000001,10000,50.947664033552876
0.95,0.6000000000000001,10000,51.47578589708343
0.5,0.6500000000000001,10000,46.49138943910532
0.55,0.6500000000000001,10000,47.35753099128376
0.6,0.6500000000000001,10000,48.209677548082084
0.65,0.6500000000000001,10000,49.047732474742574
0.7,0.6500000000000001,10000,49.871546688993746
0.75,0.6500000000000001,10000,50.680948780639156
0.8,0.6500000000000001,10000,51.47578589705831
0.8500000000000001,0.6500000000000001,10000,52.2559114228181
0.9,0.6500000000000001,10000,53.02105350889816
0.95,0.6500000000000001,10000,53.77066231984447
0.5,0.7000000000000001,10000,46.49138943943312
0.55,0.7000000000000001,10000,47.64307963667662
0.6,0.7000000000000001,10000,48.76988524448692
0.65,0.7000000000000001,10000,49.87154668887536
0.7,0.7000000000000001,10000,50.94766403340516
0.75,0.7000000000000001,10000,51.99771826965596
0.8,0.7000000000000001,10000,53.021053508992324
0.8500000000000001,0.7000000000000001,10000,54.016842042709484
0.9,0.7000000000000001,10000,54.984048777270154
0.95,0.7000000000000001,10000,55.92139847900086
0.5,0.7500000000000001,10000,46.49138943964736
0.55,0.7500000000000001,10000,47.92720056144955
0.6,0.7500000000000001,10000,49.32383801727361
0.65,0.7500000000000001,10000,50.68094878101838
0.7,0.7500000000000001,10000,51.99771826943639
0.75,0.7500000000000001,10000,53.27241127437135
0.8,0.7500000000000001,10000,54.50406406853283
0.8500000000000001,0.7500000000000001,10000,55.690274187268415
0.9,0.7500000000000001,10000,56.82734304169538
0.95,0.7500000000000001,10000,57.91166039057204
0.5,0.8,10000,46.49138943923517
0.55,0.8,10000,48.209677548238105
0.6,0.8,10000,49.87154668897282
0.65,0.8,10000,51.475785897142345
0.7,0.8,10000,53.021053509011935
0.75,0.8,10000,54.504064068728994
0.8,0.8,10000,55.921398478826724
0.8500000000000001,0.8,10000,57.26764499354479
0.9,0.8,10000,58.5370877192407
0.95,0.8,10000,59.715244370395055
0.5,0.8500000000000001,10000,46.49138943938566
0.55,0.8500000000000001,10000,48.49049585947054
0.6,0.8500000000000001,10000,50.41267349927153
0.65,0.8500000000000001,10000,52.255911422881155
0.7,0.8500000000000001,10000,54.01684204261937
0.75,0.8500000000000001,10000,55.690274187222776
0.8,0.8500000000000001,10000,57.26764499364613
0.8500000000000001,0.8500000000000001,10000,58.73896785010036
0.9,0.8500000000000001,10000,60.0892823671742
0.95,0.8500000000000001,10000,61.29256172039329
0.5,0.9000000000000001,10000,46.491389439676546
0.55,0.9000000000000001,10000,48.769885244428345
0.6,0.9000000000000001,10000,50.94766403349215
0.65,0.9000000000000001,10000,53.02105350885671
0.7,0.9000000000000001,10000,54.98404877749017
0.75,0.9000000000000001,10000,56.827343041752606
0.8,0.9000000000000001,10000,58.53708771923534
0.8500000000000001,0.9000000000000001,10000,60.08928236714953
0.9,0.9000000000000001,10000,61.44289606441153
0.95,0.9000000000000001,10000,62.52607221129553
0.5,0.95,10000,46.49138943911647
0.55,0.95,10000,49.0477324745337
0.6,0.95,10000,51.475785897045114
0.65,0.95,10000,53.77066231978599
0.7,0.95,10000,55.921398478890055
0.75,0.95,10000,57.911660390559426
0.8,0.95,10000,59.71524437035404
0.8500000000000001,0.95,10000,61.292561720428
0.9,0.95,10000,62.5260722112895
0.95,0.95,10000,62.999999991560955
0.5,0.05,100000,48.45815097890203
0.55,0.05,100000,45.83733192314931
0.6,0.05,100000,43.07067607263693
0.65,0.05,100000,40.15338753380668
0.7,0.05,100000,37.07562474057016
0.75,0.05,100000,33.821014363079044
0.8,0.05,100000,30.363928239864265
0.8500000000000001,0.05,100000,26.664414673659735
0.9,0.05,100000,22.652127363183126
0.95,0.05,100000,18.19025260431709
0.5,0.1,100000,48.45815097769021
0.55,0.1,100000,46.135518117135916
0.6,0.1,100000,43.698146602936205
0.65,0.1,100000,41.14304688182183
0.7,0.1,100000,38.463968988095324
0.75,0.1,100000,35.65202405029387
0.8,0.1,100000,32.69271523627874
0.8500000000000001,0.1,100000,29.564673397098886
0.9,0.1,100000,26.235404386660285
0.95,0.1,100000,22.652127365325928
0.5,0.15000000000000002,100000,48.45815097937049
0.55,0.15000000000000002,100000,46.43189856325924
0.6,0.15000000000000002,100000,44.31820704603463
0.65,0.15000000000000002,100000,42.11535618903686
0.7,0.15000000000000002,100000,39.81959978962676
0.75,0.15000000000000002,100000,37.425710421819744
0.8,0.15000000000000002,100000,34.92689954726268
0.8500000000000001,0.15000000000000002,100000,32.3113763274484
0.9,0.15000000000000002,100000,29.564673397815373
0.95,0.15000000000000002,100000,26.664414676644675
0.5,0.2,100000,48.458150977807605
0.55,0.2,100000,46.72701643609826
0.6,0.2,100000,44.93146447467548
0.65,0.2,100000,43.07067607189947
0.7,0.2,100000,41.14304688489629
0.75,0.2,100000,39.14594868478321
0.8,0.2,100000,37.075624741127655
0.8500000000000001,0.2,100000,34.926899551397824
0.9,0.2,100000,32.69271523715226
0.95,0.2,100000,30.363928238125727
0.5,0.25,100000,48.45815097576136
0.55,0.25,100000,47.020031145273016
0.6,0.25,100000,45.536865952730146
0.65,0.25,100000,44.00930183256264
0.7,0.25,100000,42.43541852329561
0.75,0.25,100000,40.81513817399279
0.8,0.25,100000,39.14594868804842
0.8500000000000001,0.25,100000,37.42571042063784
0.9,0.25,100000,35.652024048309535
0.95,0.25,100000,33.82101436326677
0.5,0.3,100000,48.45815097738864
0.55,0.3,100000,47.3109285596459
0.6,0.3,100000,46.13551812199
0.65,0.3,100000,44.93146447517949
0.7,0.3,100000,43.698146604142224
0.75,0.3,100000,42.435418518290646
0.8,0.3,100000,41.143046885139455
0.8500000000000001,0.3,100000,39.81959978633901
0.9,0.3,100000,38.4639689895926
0.95,0.3,100000,37.07562473553115
0.5,0.35000000000000003,100000,48.458150974230236
0.55,0.35000000000000003,100000,47.60059607245081
0.6,0.35000000000000003,100000,46.72701643701209
0.65,0.35000000000000003,100000,45.837331924045465
0.7,0.35000000000000003,100000,44.9314644717637
0.75,0.35000000000000003,100000,44.00930183640975
0.8,0.35000000000000003,100000,43.07067607303897
0.8500000000000001,0.35000000000000003,100000,42.11535618980032
0.9,0.35000000000000003,100000,41.143046884585615
0.95,0.35000000000000003,100000,40.15338753020095
0.5,0.4,100000,48.45815097861547
0.55,0.4,100000,47.88851511996536
0.6,0.4,100000,47.31092855731576
0.65,0.4,100000,46.72701643602238
0.7,0.4,100000,46.135518120899185
0.75,0.4,100000,45.5368659562878
0.8,0.4,100000,44.93146447476763
0.8500000000000001,0.4,100000,44.31820704589322
0.9,0.4,100000,43.69814660089203
0.95,0.4,100000,43.07067607285454
0.5,0.45,100000,48.458150981385046
0.55,0.45,100000,48.17406908284534
0.6,0.45,100000,47.88851512150264
0.65,0.45,100000,47.600596074533826
0.7,0.45,100000,47.31092855829523
0.75,0.45,100000,47.02003114354656
0.8,0.45,100000,46.727016437379106
0.8500000000000001,0.45,100000,46.431898562784326
0.9,0.45,100000,46.135518117235364
0.95,0.45,100000,45.83733192452157
0.5,0.5,100000,48.458150975087925
0.55,0.5,100000,48.45815098123134
0.6,0.5,100000,48.458150977893084
0.65,0.5,100000,48.45815097586175
0.7,0.5,100000,48.458150978353444
0.75,0.5,100000,48.458150977905774
0.8,0.5,100000,48.458150977437356
0.8500000000000001,0.5,100000,48.458150979441626
0.9,0.5,100000,48.458150979628634
0.95,0.5,100000,48.458150978790144
0.5,0.55,100000,48.458150981609506
0.55,0.55,100000,48.74091457264998
0.6,0.55,100000,49.021342152281036
0.65,0.55,100000,49.299789770112376
0.7,0.55,100000,49.57714669701106
0.75,0.55,100000,49.852612781307855
0.8,0.55,100000,50.12560601036274
0.8500000000000001,0.55,100000,50.39721423802155
0.9,0.55,100000,50.66759328373183
0.95,0.55,100000,50.93551853828265
0.5,0.6000000000000001,100000,48.45815097642928
0.55,0.6000000000000001,100000,49.02134215208601
0.6,0.6000000000000001,100000,49.57714669640404
0.65,0.6000000000000001,100000,50.125606011050024
0.7,0.6000000000000001,100000,50.66759328384905
0.75,0.6000000000000001,100000,51.20126897838561
0.8,0.6000000000000001,100000,51.729102033152365
0.8500000000000001,0.6000000000000001,100000,52.24801695115342
0.9,0.6000000000000001,100000,52.76123980215805
0.95,0.6000000000000001,100000,53.26528042909818
0.5,0.6500000000000001,100000,48.45815097694364
0.55,0.6500000000000001,100000,49.299789770617664
0.6,0.6500000000000001,100000,50.12560601034893
0.65,0.6500000000000001,100000,50.93551854111085
0.7,0.6500000000000001,100000,51.72910203269958
0.75,0.6500000000000001,100000,52.50574139033685
0.8,0.6500000000000001,100000,53.26528042889589
0.8500000000000001,0.6500000000000001,100000,54.00834953702737
0.9,0.6500000000000001,100000,54.7350227393849
0.95,0.6500000000000001,100000,55.44319233646918
0.5,0.7000000000000001,100000,48.45815097981891
0.55,0.7000000000000001,100000,49.577146697032646
0.6,0.7000000000000001,100000,50.66759328379946
0.65,0.7000000000000001,100000,51.72910203147771
0.7,0.7000000000000001,100000,52.76123980072583
0.75,0.7000000000000001,100000,53.763456476354264
0.8,0.7000000000000001,100000,54.735022740283235
0.8500000000000001,0.7000000000000001,100000,55.67499814801329
0.9,0.7000000000000001,100000,56.582190404490085
0.95,0.7000000000000001,100000,57.455003329259156
0.5,0.7500000000000001,100000,48.458150981780996
0.55,0.7500000000000001,100000,49.8526127811144
0.6,0.7500000000000001,100000,51.201268980086056
0.65,0.7500000000000001,100000,52.50574139375878
0.7,0.7500000000000001,100000,53.763456474511955
0.75,0.7500000000000001,100000,54.97189135189206
0.8,0.7500000000000001,100000,56.13121740179411
0.8500000000000001,0.7500000000000001,100000,57.23916837050366
0.9,0.7500000000000001,100000,58.29099088892052
0.95,0.7500000000000001,100000,59.281550437138065
0.5,0.8,100000,48.45815097789124
0.55,0.8,100000,50.12560601159164
0.6,0.8,100000,51.72910203233599
0.65,0.8,100000,53.26528042953255
0.7,0.8,100000,54.735022740412425
0.75,0.8,100000,56.131217403398615
0.8,0.8,100000,57.45500332800735
0.8500000000000001,0.8,100000,58.69048785212327
0.9,0.8,100000,59.836249576117666
0.95,0.8,100000,60.88351086695326
0.5,0.8500000000000001,100000,48.4581509795348
0.55,0.8500000000000001,100000,50.397214238527
0.6,0.8500000000000001,100000,52.24801695081615
0.65,0.8500000000000001,100000,54.00834953753517
0.7,0.8500000000000001,100000,55.67499814719808
0.75,0.8500000000000001,100000,57.23916837013143
0.8,0.8500000000000001,100000,58.690487852924676
0.8500000000000001,0.8500000000000001,100000,60.023078033463676
0.9,0.8500000000000001,100000,61.211588066794874
0.95,0.8500000000000001,100000,62.202575571802996
0.5,0.9000000000000001,100000,48.458150982136274
0.55,0.9000000000000001,100000,50.66759328305169
0.6,0.9000000000000001,100000,52.761239801523914
0.65,0.9000000000000001,100000,54.73502273920722
0.7,0.9000000000000001,100000,56.58219040624439
0.75,0.9000000000000001,100000,58.29099088941694
0.8,0.9000000000000001,100000,59.83624957609739
0.8500000000000001,0.9000000000000001,100000,61.211588066599575
0.9,0.9000000000000001,100000,62.306453548204836
0.95,0.9000000000000001,100000,62.99943103224527
0.5,0.95,100000,48.45815097695012
0.55,0.95,100000,50.935518539602064
0.6,0.95,100000,53.265280428744
0.65,0.95,100000,55.44319233599133
0.7,0.95,100000,57.45500332826625
0.75,0.95,100000,59.28155043708041
0.8,0.95,100000,60.883510866659655
0.8500000000000001,0.95,100000,62.20257557205039
0.9,0.95,100000,62.99943103220083
0.95,0.95,100000,63.00000000008882
0.5,0.05,1000000,50.18677829683897
0.55,0.05,1000000,47.630825513623854
0.6,0.05,1000000,44.91131837984614
0.65,0.05,1000000,42.02426764415733
0.7,0.05,1000000,38.95911691745966
0.75,0.05,1000000,35.69748817019878
0.8,0.05,1000000,32.210149102423976
0.8500000000000001,0.05,1000000,28.454062298110053
0.9,0.05,1000000,24.349625501751994
0.95,0.05,1000000,19.747153217755034
0.5,0.1,1000000,50.18677828506322
0.55,0.1,1000000,47.922412983598626
0.6,0.1,1000000,45.52970754858524
0.65,0.1,1000000,43.005741465969606
0.7,0.1,1000000,40.34390344138226
0.75,0.1,1000000,37.53485497813075
0.8,0.1,1000000,34.56180409927341
0.8500000000000001,0.1,1000000,31.400939073191992
0.9,0.1,1000000,28.016869030003186
0.95,0.1,1000000,24.34962552163271
0.5,0.15000000000000002,1000000,50.18677830058986
0.55,0.15000000000000002,1000000,48.21182171490438
0.6,0.15000000000000002,1000000,46.13939871035341
0.65,0.15000000000000002,1000000,43.967959102776405
0.7,0.15000000000000002,1000000,41.69312579700465
0.75,0.15000000000000002,1000000,39.30839825581468
0.8,0.15000000000000002,1000000,36.8081105054776
0.8500000000000001,0.15000000000000002,1000000,34.17712065390466
0.9,0.15000000000000002,1000000,31.400939079974247
0.95,0.15000000000000002,1000000,28.454062326328476
0.5,0.2,1000000,50.18677828613705
0.55,0.2,1000000,48.50083302388108
0.6,0.2,1000000,46.74260006556965
0.65,0.2,1000000,44.9113183736646
0.7,0.2,1000000,43.00574149375375
0.75,0.2,1000000,41.02306077889601
0.8,0.2,1000000,38.95911692142436
0.8500000000000001,0.2,1000000,36.8081105441409
0.9,0.2,1000000,34.56180410685725
0.95,0.2,1000000,32.210149086043025
0.5,0.25,1000000,50.18677826837506
0.55,0.25,1000000,48.78714222556203
0.6,0.25,1000000,47.33582281160906
0.65,0.25,1000000,45.836129738050154
0.7,0.25,1000000,44.28388322076705
0.75,0.25,1000000,42.68111527616289
0.8,0.25,1000000,41.02306080947445
0.8500000000000001,0.25,1000000,39.308398245084796
0.9,0.25,1000000,37.534854959449056
0.95,0.25,1000000,35.69748817194752
0.5,0.3,1000000,50.18677828286485
0.55,0.3,1000000,49.07020678210734
0.6,0.3,1000000,47.92241302642026
0.65,0.3,1000000,46.74260006886377
0.7,0.3,1000000,45.52970755891434
0.75,0.3,1000000,44.28388317447376
0.8,0.3,1000000,43.00574149734108
0.8500000000000001,0.3,1000000,41.693125765611775
0.9,0.3,1000000,40.34390345478423
0.95,0.3,1000000,38.95911687005727
0.5,0.35000000000000003,1000000,50.186778255234664
0.55,0.35000000000000003,1000000,49.35271017110571
0.6,0.35000000000000003,1000000,48.50083303199263
0.65,0.35000000000000003,1000000,47.63082552248765
0.7,0.35000000000000003,1000000,46.74260003893418
0.75,0.35000000000000003,1000000,45.83612977314029
0.8,0.35000000000000003,1000000,44.911318383035635
0.8500000000000001,0.35000000000000003,1000000,43.96795910947096
0.9,0.35000000000000003,1000000,43.005741491394296
0.95,0.35000000000000003,1000000,42.02426761012511
0.5,0.4,1000000,50.186778294459096
0.55,0.4,1000000,49.63383391024054
0.6,0.4,1000000,49.07020675967029
0.65,0.4,1000000,48.50083302149814
0.7,0.4,1000000,47.922413017532016
0.75,0.4,1000000,47.33582284497253
0.8,0.4,1000000,46.74260006653478
0.8500000000000001,0.4,1000000,46.139398708475674
0.9,0.4,1000000,45.5297075300086
0.95,0.4,1000000,44.91131838095919
0.5,0.45,1000000,50.18677831738911
0.55,0.45,1000000,49.91119815223099
0.6,0.45,1000000,49.63383392641127
0.65,0.45,1000000,49.35271019053876
0.7,0.45,1000000,49.07020676934831
0.75,0.45,1000000,48.78714220860717
0.8,0.45,1000000,48.50083303512594
0.8500000000000001,0.45,1000000,48.21182170972088
0.9,0.45,1000000,47.92241298401207
0.95,0.45,1000000,47.63082552588463
0.5,0.5,1000000,50.18677826108317
0.55,0.5,1000000,50.1867783168303
0.6,0.5,1000000,50.18677828756412
0.65,0.5,1000000,50.18677826907153
0.7,0.5,1000000,50.186778290811
0.75,0.5,1000000,50.186778286190496
0.8,0.5,1000000,50.186778282483864
0.8500000000000001,0.5,1000000,50.18677830067862
0.9,0.5,1000000,50.186778302679066
0.95,0.5,1000000,50.1867782953118
0.5,0.55,1000000,50.1867783208185
0.55,0.55,1000000,50.4621624323978
0.6,0.55,1000000,50.73460949725202
0.65,0.55,1000000,51.003568626948095
0.7,0.55,1000000,51.27210752436457
0.75,0.55,1000000,51.53969458599542
0.8,0.55,1000000,51.80328421003862
0.8500000000000001,0.55,1000000,52.064379125835615
0.9,0.55,1000000,52.325729900131435
0.95,0.55,1000000,52.58500826493432
0.5,0.6000000000000001,1000000,50.18677827511818
0.55,0.6000000000000001,1000000,50.73460949570472
0.6,0.6000000000000001,1000000,51.27210751787668
0.65,0.6000000000000001,1000000,51.80328421551338
0.7,0.6000000000000001,1000000,52.32572990217413
0.75,0.6000000000000001,1000000,52.83987098151924
0.8,0.6000000000000001,1000000,53.34708198535907
0.8500000000000001,0.6000000000000001,1000000,53.8440654798068
0.9,0.6000000000000001,1000000,54.335543851991325
0.95,0.6000000000000001,1000000,54.8152788130648
0.5,0.6500000000000001,1000000,50.186778279449655
0.55,0.6500000000000001,1000000,51.00356863126968
0.6,0.6500000000000001,1000000,51.80328420938844
0.65,0.6500000000000001,1000000,52.58500828978429
0.7,0.6500000000000001,1000000,53.347081981844504
0.75,0.6500000000000001,1000000,54.089569444813804
0.8,0.6500000000000001,1000000,54.81527881187998
0.8500000000000001,0.6500000000000001,1000000,55.52425442120918
0.9,0.6500000000000001,1000000,56.2102235653508
0.95,0.6500000000000001,1000000,56.87338691786041
0.5,0.7000000000000001,1000000,50.186778304406495
0.55,0.7000000000000001,1000000,51.272107523786296
0.6,0.7000000000000001,1000000,52.32572990158265
0.65,0.7000000000000001,1000000,53.347081970594644
0.7,0.7000000000000001,1000000,54.33554383820154
0.75,0.7000000000000001,1000000,55.290313058219084
0.8,0.7000000000000001,1000000,56.21022357290371
0.8500000000000001,0.7000000000000001,1000000,57.093585240921115
0.9,0.7000000000000001,1000000,57.93837241434801
0.95,0.7000000000000001,1000000,58.743616919299875
0.5,0.7500000000000001,1000000,50.18677832172703
0.55,0.7500000000000001,1000000,51.539694584803186
0.6,0.7500000000000001,1000000,52.839870996338234
0.65,0.7500000000000001,1000000,54.08956947543798
0.7,0.7500000000000001,1000000,55.29031304213738
0.75,0.7500000000000001,1000000,56.4362246128078
0.8,0.7500000000000001,1000000,57.523193483333856
0.8500000000000001,0.7500000000000001,1000000,58.54935180763925
0.9,0.7500000000000001,1000000,59.51164102365264
0.95,0.7500000000000001,1000000,60.405841731474055
0.5,0.8,1000000,50.18677828440228
0.55,0.8,1000000,51.80328422017412
0.6,0.8,1000000,53.34708197716375
0.65,0.8,1000000,54.8152788168929
0.7,0.8,1000000,56.210223573855565
0.75,0.8,1000000,57.52319349625386
0.8,0.8,1000000,58.74361690980429
0.8500000000000001,0.8,1000000,59.87908915321642
0.9,0.8,1000000,60.913440624247315
0.95,0.8,1000000,61.82146633652945
0.5,0.8500000000000001,1000000,50.18677830352317
0.55,0.8500000000000001,1000000,52.064379129098334
0.6,0.8500000000000001,1000000,53.84406547749157
0.65,0.8500000000000001,1000000,55.52425442522628
0.7,0.8500000000000001,1000000,57.093585234013894
0.75,0.8500000000000001,1000000,58.5493518046597
0.8,0.8500000000000001,1000000,59.87908915932123
0.8500000000000001,0.8500000000000001,1000000,61.08067478122835
0.9,0.8500000000000001,1000000,62.09680059693836
0.95,0.8500000000000001,1000000,62.920252490839324
0.5,0.9000000000000001,1000000,50.18677832452949
0.55,0.9000000000000001,1000000,52.32572989272386
0.6,0.9000000000000001,1000000,54.3355438451474
0.65,0.9000000000000001,1000000,56.21022356494822
0.7,0.9000000000000001,1000000,57.938372427913734
0.75,0.9000000000000001,1000000,59.511641028077754
0.8,0.9000000000000001,1000000,60.913440624209294
0.8500000000000001,0.9000000000000001,1000000,62.09680059557589
0.9,0.9000000000000001,1000000,62.975710057149996
0.95,0.9000000000000001,1000000,63.00000000055511
0.5,0.95,1000000,50.18677827910206
0.55,0.95,1000000,52.58500827736208
0.6,0.95,1000000,54.815278810427785
0.65,0.95,1000000,56.87338691364113
0.7,0.95,1000000,58.74361691104566
0.75,0.95,1000000,60.405841731075206
0.8,0.95,1000000,61.82146633447592
0.8500000000000001,0.95,1000000,62.92025249228669
0.9,0.95,1000000,63.00000000011102
0.95,0.95,1000000,63.00000000088818
0.5,0.05,10000000,51.73419164175998
0.55,0.05,10000000,49.24304670766409
0.6,0.05,10000000,46.57642139481449
0.65,0.05,10000000,43.724594429903725
0.7,0.05,10000000,40.678005971893604
0.75,0.05,10000000,37.41594065202748
0.8,0.05,10000000,33.909066471571734
0.8500000000000001,0.05,10000000,30.10642350414951
0.9,0.05,10000000,25.924848307545048
0.95,0.05,10000000,21.199842358460547
0.5,0.1,10000000,51.73419153003756
0.55,0.1,10000000,49.53031177855559
0.6,0.1,10000000,47.18288806410105
0.65,0.1,10000000,44.696160589404904
0.7,0.1,10000000,42.05556189084279
0.75,0.1,10000000,39.25498263425984
0.8,0.1,10000000,36.2755623759344
0.8500000000000001,0.1,10000000,33.09117242136327
0.9,0.1,10000000,29.664967904095956
0.95,0.1,10000000,25.924848495517725
0.5,0.15000000000000002,10000000,51.73419167068429
0.55,0.15000000000000002,10000000,49.81194237168184
0.6,0.15000000000000002,10000000,47.783644878349
0.65,0.15000000000000002,10000000,45.646655949860104
0.7,0.15000000000000002,10000000,43.395289416885035
0.75,0.15000000000000002,10000000,41.025171214529145
0.8,0.15000000000000002,10000000,38.52903279677734
0.8500000000000001,0.15000000000000002,10000000,35.89007314708347
0.9,0.15000000000000002,10000000,33.09117248176903
0.95,0.15000000000000002,10000000,30.106423772622286
0.5,0.2,10000000,51.73419153736168
0.55,0.2,10000000,50.09194660657036
0.6,0.2,10000000,48.37446546278868
0.65,0.2,10000000,46.57642134600722
0.7,0.2,10000000,44.696160845123075
0.75,0.2,10000000,42.73147658897398
0.8,0.2,10000000,40.67800600772765
0.8500000000000001,0.2,10000000,38.52903316242897
0.9,0.2,10000000,36.27556244774222
0.95,0.2,10000000,33.90906631234233
0.5,0.25,10000000,51.73419137456892
0.55,0.25,10000000,50.37310376085102
0.6,0.25,10000000,48.95476664794875
0.65,0.25,10000000,47.485654824661
0.7,0.25,10000000,45.957179539742164
0.75,0.25,10000000,44.3738405621715
0.8,0.25,10000000,42.73147687154166
0.8500000000000001,0.25,10000000,41.02517110639636
0.9,0.25,10000000,39.25498245976983
0.95,0.25,10000000,37.415940667546934
0.5,0.3,10000000,51.73419151334321
0.55,0.3,10000000,50.64996832379155
0.6,0.3,10000000,49.53031214928803
0.65,0.3,10000000,48.374465480473795
0.7,0.3,10000000,47.18288814632577
0.75,0.3,10000000,45.95717911643489
0.8,0.3,10000000,44.69616088673696
0.8500000000000001,0.3,10000000,43.39528912099736
0.9,0.3,10000000,42.05556201407144
0.95,0.3,10000000,40.67800552700556
0.5,0.35000000000000003,10000000,51.73419126373896
0.55,0.35000000000000003,10000000,50.92211797309779
0.6,0.35000000000000003,10000000,50.09194668471376
0.65,0.35000000000000003,10000000,49.24304679053788
0.7,0.35000000000000003,10000000,48.374465230760464
0.75,0.35000000000000003,10000000,47.48565515817636
0.8,0.35000000000000003,10000000,46.57642141679923
0.8500000000000001,0.35000000000000003,10000000,45.646656003713865
0.9,0.35000000000000003,10000000,44.6961608290346
0.95,0.35000000000000003,10000000,43.72459410849959
0.5,0.4,10000000,51.73419161021495
0.55,0.4,10000000,51.195357458597854
0.6,0.4,10000000,50.64996810554706
0.65,0.4,10000000,50.09194657166491
0.7,0.4,10000000,49.53031209348408
0.75,0.4,10000000,48.95476695846412
0.8,0.4,10000000,48.37446547089275
0.8500000000000001,0.4,10000000,47.78364485152338
0.9,0.4,10000000,47.18288789286301
0.95,0.4,10000000,46.576421400828096
0.5,0.45,10000000,51.734191814244355
0.55,0.45,10000000,51.46782114238609
0.6,0.45,10000000,51.19535761518094
0.65,0.45,10000000,50.92211814539657
0.7,0.45,10000000,50.64996820086655
0.75,0.45,10000000,50.37310359058469
0.8,0.45,10000000,50.091946709356826
0.8500000000000001,0.45,10000000,49.8119423295481
0.9,0.45,10000000,49.5303117779686
0.95,0.45,10000000,49.24304681709783
0.5,0.5,10000000,51.734191311762125
0.55,0.5,10000000,51.734191809077366
0.6,0.5,10000000,51.73419155095123
0.65,0.5,10000000,51.73419138419509
0.7,0.5,10000000,51.734191576548376
0.75,0.5,10000000,51.73419153719928
0.8,0.5,10000000,51.734191499497186
0.8500000000000001,0.5,10000000,51.73419167407419
0.9,0.5,10000000,51.734191687153164
0.95,0.5,10000000,51.734191621898624
0.5,0.55,10000000,51.73419185090628
0.55,0.55,10000000,51.998239983282794
0.6,0.55,10000000,52.26427576020048
0.65,0.55,10000000,52.527091886094475
0.7,0.55,10000000,52.783617075989156
0.75,0.55,10000000,53.03999864185777
0.8,0.55,10000000,53.29809773650778
0.8500000000000001,0.55,10000000,53.551120011534216
0.9,0.55,10000000,53.79824784144566
0.95,0.55,10000000,54.046668493091524
0.5,0.6000000000000001,10000000,51.73419144262848
0.55,0.6000000000000001,10000000,52.26427574902842
0.6,0.6000000000000001,10000000,52.78361700277588
0.65,0.6000000000000001,10000000,53.29809778185522
0.7,0.6000000000000001,10000000,53.79824786871112
0.75,0.6000000000000001,10000000,54.29641472644511
0.8,0.6000000000000001,10000000,54.777630014215546
0.8500000000000001,0.6000000000000001,10000000,55.2586944708985
0.9,0.6000000000000001,10000000,55.7211686123749
0.95,0.6000000000000001,10000000,56.183925487489304
0.5,0.6500000000000001,10000000,51.73419148070808
0.55,0.6500000000000001,10000000,52.527091926316444
0.6,0.6500000000000001,10000000,53.29809772961688
0.65,0.6500000000000001,10000000,54.046668710591476
0.7,0.6500000000000001,10000000,54.77762998226302
0.75,0.6500000000000001,10000000,55.49326786921058
0.8,0.6500000000000001,10000000,56.183925482565506
0.8500000000000001,0.6500000000000001,10000000,56.84687761357178
0.9,0.6500000000000001,10000000,57.499207431777215
0.95,0.6500000000000001,10000000,58.12874590608692
0.5,0.7000000000000001,10000000,51.73419170060132
0.55,0.7000000000000001,10000000,52.783617066631024
0.6,0.7000000000000001,10000000,53.798247859279456
0.65,0.7000000000000001,10000000,54.77762988667512
0.7,0.7000000000000001,10000000,55.72116848967189
0.75,0.7000000000000001,10000000,56.62842662375022
0.8,0.7000000000000001,10000000,57.49920749285528
0.8500000000000001,0.7000000000000001,10000000,58.33237510173057
0.9,0.7000000000000001,10000000,59.12190485945923
0.95,0.7000000000000001,10000000,59.85566570772849
0.5,0.7500000000000001,10000000,51.73419185991221
0.55,0.7500000000000001,10000000,53.03999862737788
0.6,0.7500000000000001,10000000,54.29641485835036
0.65,0.7500000000000001,10000000,55.49326813952754
0.7,0.7500000000000001,10000000,56.62842648956013
0.75,0.7500000000000001,10000000,57.704380765594784
0.8,0.7500000000000001,10000000,58.718873996962536
0.8500000000000001,0.7500000000000001,10000000,59.6655845718386
0.9,0.7500000000000001,10000000,60.53742421982094
0.95,0.7500000000000001,10000000,61.33487192810575
0.5,0.8,10000000,51.73419151653528
0.55,0.8,10000000,53.2980978258882
0.6,0.8,10000000,54.77762993579362
0.65,0.8,10000000,56.183925523536296
0.7,0.8,10000000,57.4992075024913
0.75,0.8,10000000,58.718874103564836
0.8,0.8,10000000,59.85566563518489
0.8500000000000001,0.8,10000000,60.889038402394945
0.9,0.8,10000000,61.793276279836455
0.95,0.8,10000000,62.506473522114064
0.5,0.8500000000000001,10000000,51.73419171779593
0.55,0.8500000000000001,10000000,53.55112003187606
0.6,0.8500000000000001,10000000,55.258694453282914
0.65,0.8500000000000001,10000000,56.846877650282444
0.7,0.8500000000000001,10000000,58.332375043954634
0.75,0.8500000000000001,10000000,59.66558454823692
0.8,0.8500000000000001,10000000,60.88903844765726
0.8500000000000001,0.8500000000000001,10000000,61.94804956746372
0.9,0.8500000000000001,10000000,62.79649449318218
0.95,0.8500000000000001,10000000,62.9999999999896
0.5,0.9000000000000001,10000000,51.734191879876455
0.55,0.9000000000000001,10000000,53.79824776986696
0.6,0.9000000000000001,10000000,55.72116854696501
0.65,0.9000000000000001,10000000,57.49920742968341
0.7,0.9000000000000001,10000000,59.12190496531597
0.75,0.9000000000000001,10000000,60.53742425874774
0.8,0.9000000000000001,10000000,61.79327627901805
0.8500000000000001,0.9000000000000001,10000000,62.79649448493928
0.9,0.9000000000000001,10000000,63.00000000666134
0.95,0.9000000000000001,10000000,63.000000005551115
0.5,0.95,10000000,51.734191487275766
0.55,0.95,10000000,54.046668605659534
0.6,0.95,10000000,56.18392546901376
0.65,0.95,10000000,58.12874586979625
0.7,0.95,10000000,59.85566564621723
0.75,0.95,10000000,61.33487192516437
0.8,0.95,10000000,62.506473507176366
0.8500000000000001,0.95,10000000,63.000000013312274
0.9,0.95,10000000,63.00000000111022
0.95,0.95,10000000,63.000000008881784
0.5,0.05,100000000,53.13397284325937
0.55,0.05,100000000,50.7115392666058
0.6,0.05,100000000,48.096671049194605
0.65,0.05,100000000,45.286247422056306
0.7,0.05,100000000,42.26287673262883
0.75,0.05,100000000,39.00715491504985
0.8,0.05,100000000,35.49106748133673
0.8500000000000001,0.05,100000000,31.653440683089773
0.9,0.05,100000000,27.40749914278562
0.95,0.05,100000000,22.57077551453635
0.5,0.1,100000000,53.13397181106281
0.55,0.1,100000000,50.98815142083941
0.6,0.1,100000000,48.6961722291152
0.65,0.1,100000000,46.2459549159899
0.7,0.1,100000000,43.63507087625098
0.75,0.1,100000000,40.84641408518037
0.8,0.1,100000000,37.86645524978127
0.8500000000000001,0.1,100000000,34.667848474824005
0.9,0.1,100000000,31.202126731053998
0.95,0.1,100000000,27.407500923110913
0.5,0.15000000000000002,100000000,53.133973015832886
0.55,0.15000000000000002,100000000,51.26825075715832
0.6,0.15000000000000002,100000000,49.28487867308139
0.65,0.15000000000000002,100000000,47.18258455214018
0.7,0.15000000000000002,100000000,44.9592539504289
0.75,0.15000000000000002,100000000,42.611411339518185
0.8,0.15000000000000002,100000000,40.119558129202424
0.8500000000000001,0.15000000000000002,100000000,37.481286770722875
0.9,0.15000000000000002,100000000,34.66784902244824
0.95,0.15000000000000002,100000000,31.653443218856516
0.5,0.2,100000000,53.13397182462191
0.55,0.2,100000000,51.54238856818746
0.6,0.2,100000000,49.86027080069162
0.65,0.2,100000000,48.096670644341735
0.7,0.2,100000000,46.245957272134746
0.75,0.2,100000000,44.302927054358754
0.8,0.2,100000000,42.262877068494824
0.8500000000000001,0.2,100000000,40.11956161864745
0.9,0.2,100000000,37.866455943048805
0.95,0.2,100000000,35.491065936657385
0.5,0.25,100000000,53.13397037345838
0.55,0.25,100000000,51.80952758346533
0.6,0.25,100000000,50.43362205564146
0.65,0.25,100000000,48.988916506797814
0.7,0.25,100000000,47.49266781261284
0.75,0.25,100000000,45.927035608525586
0.8,0.25,100000000,44.30292965128936
0.8500000000000001,0.25,100000000,42.61141024949101
0.9,0.25,100000000,40.84641250622485
0.95,0.25,100000000,39.00715505849325
0.5,0.3,100000000,53.13397162454794
0.55,0.3,100000000,52.07976306095968
0.6,0.3,100000000,50.98815470319574
0.65,0.3,100000000,49.86027092487882
0.7,0.3,100000000,48.696172836394254
0.75,0.3,100000000,47.49266396582888
0.8,0.3,100000000,46.24595768955083
0.8500000000000001,0.3,100000000,44.95925123059737
0.9,0.3,100000000,43.63507203941655
0.95,0.3,100000000,42.26287255616489
0.5,0.35000000000000003,100000000,53.1339693440668
0.55,0.35000000000000003,100000000,52.35061303131206
0.6,0.35000000000000003,100000000,51.54238929305012
0.65,0.35000000000000003,100000000,50.711540027297524
0.7,0.35000000000000003,100000000,49.8602687571715
0.75,0.35000000000000003,100000000,48.988919697592415
0.8,0.35000000000000003,100000000,48.09667117412034
0.8500000000000001,0.35000000000000003,100000000,47.18258502601055
0.9,0.35000000000000003,100000000,46.24595716724138
0.95,0.35000000000000003,100000000,45.28624440036512
0.5,0.4,100000000,53.133972432894886
0.55,0.4,100000000,52.61250267505647
0.6,0.4,100000000,52.079760946707026
0.65,0.4,100000000,51.542388273369816
0.7,0.4,100000000,50.98815425851079
0.75,0.4,100000000,50.43362487563944
0.8,0.4,100000000,49.86027085070971
0.8500000000000001,0.4,100000000,49.28487836297888
0.9,0.4,100000000,48.696170611570814
0.95,0.4,100000000,48.09667105262415
0.5,0.45,100000000,53.133974340276716
0.55,0.45,100000000,52.870798215324974
0.6,0.45,100000000,52.61250419055415
0.65,0.45,100000000,52.35061450081606
0.7,0.45,100000000,52.0797619492899
0.75,0.45,100000000,51.8095260380266
0.8,0.45,100000000,51.542389514903626
0.8500000000000001,0.45,100000000,51.268250436205726
0.9,0.45,100000000,50.98815138818289
0.95,0.45,100000000,50.711540251464854
0.5,0.5,100000000,53.133969717519705
0.55,0.5,100000000,53.13397429783059
0.6,0.5,100000000,53.133972000419824
0.65,0.5,100000000,53.13397041140599
0.7,0.5,100000000,53.133972196129115
0.75,0.5,100000000,53.13397185061103
0.8,0.5,100000000,53.13397149627829
0.8500000000000001,0.5,100000000,53.133973106475906
0.9,0.5,100000000,53.13397318832951
0.95,0.5,100000000,53.13397261287059
0.5,0.55,100000000,53.13397468144104
0.55,0.55,100000000,53.39440343190455
0.6,0.55,100000000,53.644992369569835
0.65,0.55,100000000,53.89486610653877
0.7,0.55,100000000,54.14999352005668
0.75,0.55,100000000,54.4001069201997
0.8,0.55,100000000,54.640064588443046
0.8500000000000001,0.55,100000000,54.88080246824656
0.9,0.55,100000000,55.1272444229195
0.95,0.55,100000000,55.36792187802849
0.5,0.6000000000000001,100000000,53.13397099490713
0.55,0.6000000000000001,100000000,53.64499227407107
0.6,0.6000000000000001,100000000,54.14999276810523
0.65,0.6000000000000001,100000000,54.6400650915655
0.7,0.6000000000000001,100000000,55.127244685882765
0.75,0.6000000000000001,100000000,55.59753861668285
0.8,0.6000000000000001,100000000,56.06479777661896
0.8500000000000001,0.6000000000000001,100000000,56.51732211926526
0.9,0.6000000000000001,100000000,56.96101429154427
0.95,0.6000000000000001,100000000,57.39933329810428
0.5,0.6500000000000001,100000000,53.13397132390562
0.55,0.6500000000000001,100000000,53.894866445332816
0.6,0.6500000000000001,100000000,54.640064618484914
0.65,0.6500000000000001,100000000,55.367923752836475
0.7,0.6500000000000001,100000000,56.064797524001534
0.75,0.6500000000000001,100000000,56.73494937654644
0.8,0.6500000000000001,100000000,57.399333324755816
0.8500000000000001,0.6500000000000001,100000000,58.03236038741639
0.9,0.6500000000000001,100000000,58.62605671193225
0.95,0.6500000000000001,100000000,59.22865786868345
0.5,0.7000000000000001,100000000,53.133973370814125
0.55,0.7000000000000001,100000000,54.14999343266558
0.6,0.7000000000000001,100000000,55.127244524139115
0.65,0.7000000000000001,100000000,56.06479671906417
0.7,0.7000000000000001,100000000,56.961013275861895
0.75,0.7000000000000001,100000000,57.81424551597443
0.8,0.7000000000000001,100000000,58.6260572165136
0.8500000000000001,0.7000000000000001,100000000,59.40434766761985
0.9,0.7000000000000001,100000000,60.14749267831726
0.95,0.7000000000000001,100000000,60.8125310192318
0.5,0.7500000000000001,100000000,53.13397467900376
0.55,0.7500000000000001,100000000,54.40010668115568
0.6,0.7500000000000001,100000000,55.59753979485659
0.65,0.7500000000000001,100000000,56.73495172710978
0.7,0.7500000000000001,100000000,57.81424440759864
0.75,0.7500000000000001,100000000,58.82886218336535
0.8,0.7500000000000001,100000000,59.77049058212917
0.8500000000000001,0.7500000000000001,100000000,60.629276200445
0.9,0.7500000000000001,100000000,61.40217828928714
0.95,0.7500000000000001,100000000,62.12786312236492
0.5,0.8,100000000,53.133971713691174
0.55,0.8,100000000,54.64006534907869
0.6,0.8,100000000,56.064796992799835
0.65,0.8,100000000,57.399333654160294
0.7,0.8,100000000,58.626057317332005
0.75,0.8,100000000,59.77049143043676
0.8,0.8,100000000,60.81253048021356
0.8500000000000001,0.8,100000000,61.72137762404802
0.9,0.8,100000000,62.438733266551964
0.95,0.8,100000000,62.99914274810409
0.5,0.8500000000000001,100000000,53.13397356238307
0.55,0.8500000000000001,100000000,54.88080260384243
0.6,0.8500000000000001,100000000,56.5173219330271
0.65,0.8500000000000001,100000000,58.03236069324004
0.7,0.8500000000000001,100000000,59.40434718933231
0.75,0.8500000000000001,100000000,60.629276012757195
0.8,0.8500000000000001,100000000,61.7213779600024
0.8500000000000001,0.8500000000000001,100000000,62.58636247440539
0.9,0.8500000000000001,100000000,63.0000000669057
0.95,0.8500000000000001,100000000,63
0.5,0.9000000000000001,100000000,53.1339749933329
0.55,0.9000000000000001,100000000,55.12724386432232
0.6,0.9000000000000001,100000000,56.961013753810704
0.65,0.9000000000000001,100000000,58.62605670083829
0.7,0.9000000000000001,100000000,60.14749348904141
0.75,0.9000000000000001,100000000,61.40217861075242
0.8,0.9000000000000001,100000000,62.438733255449755
0.8500000000000001,0.9000000000000001,100000000,63.000000000292324
0.9,0.9000000000000001,100000000,63.00000006661338
0.95,0.9000000000000001,100000000,63.00000005551115
0.5,0.95,100000000,53.133971523214576
0.55,0.95,100000000,55.367922899081634
0.6,0.95,100000000,57.39933316543145
0.65,0.95,100000000,59.22865755130143
0.7,0.95,100000000,60.81253056726245
0.75,0.95,100000000,62.12786310321174
0.8,0.95,100000000,62.99914263701516
0.8500000000000001,0.95,100000000,63.000000133226756
0.9,0.95,100000000,63.00000001110223
0.95,0.95,100000000,63.000000088817835
