"","Team 1","Team 2","Team 3","Team 4","Team 5","Team 6","Team 7","Team 8","Team 9","Team 10","Team 11","Team 12","Team 13","Team 14","Team 15","Team 16","Team 17","Team 18","Team 19","Team 20","Team 21","Team 22","Team 23","Team 24","Team 25","Team 26","Team 27","Team 28","Team 29","Team 30","Team 31","Team 32","Team 33","Team 34","Team 35","Team 36","Team 37","Team 38","Team 39","Team 40","Team 41","Team 42","Team 43","Team 44","Team 45","Team 46","Team 47","Team 48","Team 49","Team 50","Team 51","Team 52","Team 53","Team 54","Team 55","Team 56","Team 57","Team 58","Team 59","Team 60","Team 61","Team 62","Team 63","Team 64"
"Team 1",NA,0.551125679476897,0.565597275653844,0.584838538109541,0.621274744149969,0.656686348955002,0.667228892849621,0.677987848093479,0.681997224760196,0.705799818295867,0.708711082362425,0.711239532277508,0.711708511121893,0.754514029803289,0.759607038847837,0.768622410820329,0.775887469189652,0.783845973068284,0.797289205618324,0.801156802368869,0.802786872894998,0.819555221099958,0.835050557416604,0.835390195820352,0.836741151050773,0.837468165006194,0.838618383949327,0.838959725383473,0.84002046685362,0.847302129230963,0.854265536045589,0.856485421334606,0.857199658183595,0.861556677255893,0.868039572888488,0.873054268874221,0.873750417807271,0.87402936624572,0.875546857669333,0.876613488262646,0.884946294640752,0.886109588076968,0.889829930248042,0.891140263752837,0.902261002149333,0.906243830387773,0.911395584790248,0.912866421084383,0.912882982888888,0.912990077312321,0.924831393813682,0.924904966996035,0.927658397724845,0.935906184621248,0.940219101216591,0.940320438763743,0.941232611986956,0.942933665900107,0.954916322371365,0.957331009689178,0.961435513424603,0.965666215412497,0.969129086266201,0.97902014932785
"Team 2",0.448874320523103,NA,0.514668369733611,0.534308094173008,0.571933078004717,0.609055098466389,0.620214397059005,0.631654251546093,0.635930741649452,0.661469859802988,0.664611341462285,0.667342908908823,0.667849886773995,0.714555720433983,0.720170275249814,0.730139201240014,0.738201029201544,0.74706154237972,0.762098164222769,0.766440496204974,0.768272846159384,0.787197898818136,0.804810083752478,0.805197462990301,0.806738885618311,0.80756877786966,0.808882303558538,0.809272236009212,0.810484350739366,0.81882042472531,0.826817195337262,0.82937167387091,0.830194096429369,0.835216693190991,0.842707830099861,0.848517178182655,0.849324661922357,0.849648292332698,0.851409556188696,0.852648240967537,0.862345371697114,0.863701984675488,0.868045292697736,0.86957675024428,0.882610161548233,0.887293726514897,0.89336423438762,0.895099940375355,0.895119491139608,0.895245916714582,0.909262064753408,0.909349383119693,0.912619289130452,0.922438349131383,0.927587406764264,0.927708510548262,0.928798854642383,0.930833362956209,0.945209175681638,0.948115529830091,0.953063045124731,0.958172285774934,0.96236152704807,0.974363561967461
"Team 3",0.434402724346156,0.485331630266389,NA,0.519679338460472,0.557507422022604,0.594994564947969,0.606295773604726,0.617896587318198,0.622237278940854,0.648205589590653,0.651405292504835,0.654188452471552,0.654705105018634,0.702435759934485,0.708191353905231,0.718420173874175,0.72670105220539,0.735811486570689,0.751294250526311,0.755770585695024,0.757660176743862,0.777200608786062,0.795425177067783,0.795826456704452,0.797423374491141,0.798283266808102,0.799644449919261,0.800048571057142,0.801304911947562,0.809950075159417,0.818251456998463,0.820904914179374,0.821759375839047,0.826979463309745,0.834770988757868,0.840818100764895,0.841658966200064,0.841995998453442,0.843830427018107,0.845120799919536,0.855229197266254,0.85664428294342,0.861176344719588,0.862774920182556,0.876391429072368,0.881289735273941,0.887642676275783,0.889459988486462,0.889480460610665,0.889612845346823,0.90430213305987,0.904393722568545,0.907824267077161,0.918133813825524,0.923544949975361,0.923672258108238,0.924818545923909,0.92695784376545,0.942089043198209,0.945151299343386,0.950366675923723,0.955755799560621,0.960177004440504,0.972855985026136
"Team 4",0.415161461890459,0.465691905826992,0.480320661539528,NA,0.538000103650682,0.57588265579977,0.587347298115402,0.599137293239334,0.60355436074699,0.630043382990239,0.63331483004923,0.636161750980513,0.636690378777723,0.685715841922299,0.691652874980008,0.702217656215567,0.710783204731739,0.720219971695426,0.736288996316257,0.740942278770198,0.742907569104517,0.763265862662433,0.782311005949668,0.782730983003069,0.784402577536366,0.785302859300704,0.786728232848523,0.787151471688257,0.788467422279845,0.797530007636295,0.806244119437472,0.809031965979488,0.809929957804951,0.815418672857825,0.82361977118527,0.829991883226289,0.830878434397227,0.831233812080199,0.833168432577592,0.834529626526769,0.845202658004846,0.846698181906353,0.851490169173916,0.853181266759459,0.86760364904109,0.872799649870771,0.87954484736497,0.881475648045333,0.881497401869605,0.881638076574716,0.897266021744079,0.89736358099978,0.901018772984817,0.912015720391073,0.917795039209494,0.917931070923082,0.919156033271785,0.921442771912732,0.937639597588781,0.94092238036659,0.946517116251835,0.952303242726882,0.957053949909443,0.970696913861934
"Team 5",0.378725255850031,0.428066921995283,0.442492577977396,0.461999896349318,NA,0.538324595512495,0.550011184232219,0.562072555318034,0.56660260242336,0.593899354846523,0.597286123596902,0.600236200139916,0.600784269310638,0.652006718441235,0.658263186292674,0.669425203435979,0.678502155656555,0.688530653981402,0.70567595550907,0.710657140299471,0.712763116123815,0.73465587040767,0.755264663829346,0.755720526954102,0.757535558293831,0.758513491238035,0.760062378498646,0.760522427625841,0.761953225667048,0.771823014040168,0.781340185677062,0.78439053523012,0.78537365945149,0.791388848881007,0.800396261595079,0.807411187532429,0.808388307172273,0.808780067457865,0.810913531095151,0.812415422845441,0.824214390499678,0.825870910639768,0.831184124295497,0.833061115789904,0.849110405990513,0.854910816554776,0.862455133452378,0.864617703841902,0.864642076631068,0.86479969143704,0.882354225035311,0.882464090022401,0.886582833593616,0.899003855783436,0.905549355134587,0.90570356887762,0.907092566798998,0.909687003025284,0.928118538612455,0.931866109478976,0.938262213880859,0.944889410826712,0.950340045477688,0.966040179653405
"Team 6",0.343313651044998,0.390944901533611,0.405005435052031,0.42411734420023,0.461675404487505,NA,0.511776877726525,0.523976107387664,0.528569705639373,0.556386420381985,0.559854181699253,0.562877787687415,0.563439823217171,0.616394389692542,0.622920833399255,0.634596428407383,0.644121308848776,0.654676430703366,0.672799698407856,0.678083465142076,0.680319877268657,0.703657310042336,0.72577501961166,0.726265904016162,0.728221081891495,0.729274994981523,0.730944895912389,0.731441047516515,0.732984593808572,0.743651378348128,0.75396901877398,0.757282588092922,0.758351238304167,0.764897056287026,0.774722718959332,0.782394618491719,0.783464623195174,0.78389371873955,0.786231454076594,0.787878109990375,0.800842111686389,0.802666148891313,0.808523251294049,0.810594785003689,0.82835894428981,0.834801871487181,0.843200030845604,0.845611148567074,0.845638332205645,0.845814129505755,0.865450233310769,0.865573479307894,0.870197049193181,0.884178148923973,0.891568603168767,0.891742914970474,0.893313331565237,0.896248541464517,0.91717295369613,0.921442876563859,0.928742645088776,0.936322361125222,0.94256880732765,0.960624042255119
"Team 7",0.332771107150379,0.379785602940995,0.393704226395274,0.412652701884598,0.449988815767781,0.488223122273475,NA,0.51221302371867,0.51681545895995,0.544728351171434,0.548213245147629,0.551252721345106,0.551817802587639,0.605194297557329,0.611791282479066,0.623603257470944,0.633249085296257,0.64394842187393,0.662344330100432,0.667713547903644,0.669986940105347,0.693739124589239,0.716298629040698,0.71679985771678,0.718796469054432,0.719872870535618,0.721578625050033,0.722085481552907,0.723662484380477,0.734566813935539,0.745124776695734,0.748517730931916,0.749612212032031,0.756318687434393,0.766393371983252,0.774266279734181,0.775364777484392,0.775805330901353,0.778205806446228,0.77989697708499,0.793220735664501,0.795096715548863,0.801122821110323,0.803254935535754,0.821555949473985,0.828201280251426,0.836869421852158,0.839359339852085,0.839387415185578,0.839568980864869,0.859868656757586,0.859996188338622,0.864781620594038,0.87926508800739,0.886928948038926,0.887109774036137,0.888739014995269,0.891784830050448,0.913522613886416,0.917963888113424,0.925560818719786,0.933454738263246,0.939964446943681,0.958802655490482
"Team 8",0.322012151906521,0.368345748453907,0.382103412681802,0.400862706760666,0.437927444681966,0.476023892612336,0.48778697628133,NA,0.504606219113921,0.532586531424087,0.536085213582989,0.539137690686186,0.539705289163867,0.593461569273347,0.600125065607268,0.612066925006883,0.621829107783962,0.632668346105732,0.651331495378485,0.656785089217112,0.6590950766055,0.683260582028814,0.70626513498458,0.706776833750091,0.708815403410172,0.709914591997889,0.71165669617442,0.712174410366988,0.713785360947834,0.724931295988069,0.735734642040917,0.739208848980554,0.740329788856257,0.747201042201494,0.757531835191404,0.765612054430377,0.76673997896949,0.767192368499313,0.769657683163003,0.771394885907165,0.785091489940049,0.787021419229666,0.7932232523646,0.795418429164242,0.814279847866268,0.821137151268898,0.830088592475813,0.832661313329481,0.832690325943834,0.832877955055808,0.853876908618728,0.85400896737869,0.858965486162093,0.873981147368342,0.881935377463873,0.882123127947176,0.883814910956217,0.886978382839209,0.909583774660261,0.914208340749667,0.922123548335081,0.930354546077684,0.937147106822001,0.956828749637435
"Team 9",0.318002775239804,0.364069258350548,0.377762721059146,0.39644563925301,0.433397397576639,0.471430294360627,0.48318454104005,0.495393780886079,NA,0.52799712186096,0.531499937694111,0.534556390431296,0.535124766101127,0.589008624601326,0.595695384569787,0.607683051931275,0.617486609247509,0.628375928840957,0.647135528978763,0.652619749779461,0.654943043138856,0.679259642703765,0.702428226050164,0.702943797549958,0.704997892780965,0.706105516974041,0.707861083002581,0.70838281956272,0.710006350308917,0.721241976932785,0.732136681129482,0.735641193327982,0.736772007240141,0.743704812887582,0.754131467922444,0.762289445578746,0.763428418638361,0.763885252891127,0.766374923750166,0.768129425797503,0.781966376897078,0.783916646222918,0.790184786214727,0.792403777866197,0.8114772588035,0.818414965593328,0.827474018449191,0.83007822405776,0.830107593142668,0.830297528368266,0.851562928426975,0.85169671523202,0.856718566094122,0.871937786563798,0.88000328407501,0.880193689659989,0.881909457111112,0.885118066668557,0.908056969893494,0.912752137604666,0.920790055108798,0.929151164973924,0.936053025098613,0.956061203728816
"Team 10",0.294200181704133,0.338530140197012,0.351794410409347,0.369956617009761,0.406100645153477,0.443613579618015,0.455271648828566,0.467413468575913,0.47200287813904,NA,0.503515216216658,0.506584751016133,0.507155792044984,0.561625784943462,0.568431629521428,0.580658613431038,0.590682611901949,0.601842965211255,0.621134397374662,0.626789673262832,0.629187562815604,0.6543613269899,0.678477114490099,0.679015220651711,0.681159727973053,0.682316523951444,0.684150628360097,0.684695848070154,0.686392870691797,0.698154439308185,0.709588145967212,0.713272131240479,0.714461490272182,0.721759994370912,0.732758609226823,0.741382549482257,0.742587869420917,0.743071403978613,0.745707483348699,0.747566071581406,0.76225033059367,0.764323804332302,0.770994261138843,0.773357997859961,0.793725842749204,0.801156734625933,0.810877818300694,0.813676128052701,0.813707695823448,0.813911855557678,0.836827023509302,0.836971549136757,0.842399757337999,0.858889395000881,0.867651956295253,0.867859017519975,0.869725287027677,0.873217357770714,0.89825937881749,0.903401646751916,0.912218153875793,0.921406852150099,0.929005493641711,0.951103566985839
"Team 11",0.291288917637575,0.335388658537715,0.348594707495165,0.36668516995077,0.402713876403098,0.440145818300746,0.451786754852371,0.463914786417011,0.468500062305889,0.496484783783342,NA,0.503069819025713,0.503640942167639,0.55816096589205,0.564978936550548,0.577230987183355,0.587278682634615,0.598468756270459,0.617819858349225,0.623494619853683,0.625901044444044,0.651174227443527,0.67540207725645,0.675942871790625,0.678098174549606,0.6792608479389,0.681104348730578,0.68165238006203,0.683358207911484,0.69518304654478,0.706682019719463,0.710387824056573,0.711584309510187,0.718927423923777,0.729996121407058,0.738677415730148,0.739890919992924,0.740377749431186,0.743031908282663,0.744903362273619,0.759692722581362,0.761781530927801,0.768502149186031,0.770883964758724,0.791414178566714,0.798907248370888,0.808712047580139,0.811534954713309,0.811566801240205,0.81177276447293,0.834897910340358,0.835043807810852,0.840523972236738,0.857176597363473,0.866028928261376,0.86623813728071,0.86812382039674,0.871652484160801,0.896967127427704,0.902167595937788,0.911085649178303,0.920382547475961,0.928072491287048,0.950445484267455
"Team 12",0.288760467722492,0.332657091091177,0.345811547528448,0.363838249019487,0.399763799860084,0.437122212312585,0.448747278654894,0.460862309313814,0.465443609568704,0.493415248983866,0.496930180974287,NA,0.500571148676918,0.555130519680895,0.561958553902001,0.574231564965637,0.584299208676062,0.59551442612961,0.614916293617598,0.620607693293117,0.623021413286131,0.64837984742402,0.67270423042177,0.673247345182564,0.675411966876392,0.676579715024643,0.678431330704821,0.67898179061077,0.680695225280624,0.692574772732293,0.70413026403103,0.70785497970144,0.709057643598933,0.716439452647084,0.727568999535956,0.736300141825255,0.737520762752554,0.73801045748397,0.740680340985418,0.742562987396813,0.757443850454245,0.759546019388188,0.766310358614804,0.768707937928603,0.789379863468327,0.796927260660949,0.806805253781995,0.809649676907959,0.809681767295952,0.809889308276695,0.833198304002111,0.83334540358419,0.83887110473948,0.85566668620689,0.864597819757491,0.864808914728509,0.866711645834678,0.870272449173438,0.895826753626652,0.9010784333486,0.910085875655815,0.919478071473752,0.927248469796479,0.949863927617508
"Team 13",0.288291488878107,0.332150113226005,0.345294894981366,0.363309621222277,0.399215730689362,0.436560176782829,0.448182197412361,0.460294710836133,0.464875233898873,0.492844207955016,0.496359057832361,0.499428851323082,NA,0.554566243671122,0.561396095853769,0.573672910406904,0.583744188252666,0.594963999713488,0.614375172673256,0.62006962856537,0.622484689429657,0.647858821085666,0.672201025238584,0.672744568800437,0.674910912917207,0.676079599161576,0.677932715102406,0.678483624039719,0.680198465297197,0.692088134249376,0.703654090441347,0.707382309497712,0.708586118152193,0.715975098565452,0.727115929096472,0.735856320195398,0.737078261910154,0.73756848843814,0.740241290671854,0.742126014816411,0.75702387161611,0.759128522902618,0.765900987086064,0.768301496517418,0.78899977708266,0.796557284123112,0.806448903004389,0.809297332591303,0.809329468390968,0.80953730318046,0.83288055168466,0.833027875331222,0.83856206510266,0.855384306551182,0.864330142878606,0.864541589782247,0.866447502289203,0.870014303913301,0.895613359577137,0.900874606741773,0.909898752931239,0.919308762058146,0.927094203326641,0.949755017695066
"Team 14",0.245485970196711,0.285444279566017,0.297564240065515,0.314284158077701,0.347993281558765,0.383605610307458,0.394805702442671,0.406538430726653,0.410991375398674,0.438374215056538,0.44183903410795,0.444869480319105,0.445433756328878,NA,0.506922619558109,0.519418927279465,0.529721201274336,0.541252816157222,0.561340232338524,0.567266230626214,0.569784061056036,0.596403758239443,0.622228806560088,0.622808715874787,0.625121420453229,0.626370008839534,0.628351179385659,0.628940478979715,0.630775765000366,0.643539963113658,0.656023162939283,0.66006111948203,0.661366410101281,0.669394056752741,0.681549350429224,0.691129252524984,0.692471632392765,0.693010389346721,0.695949928233004,0.698024918469174,0.714490390609183,0.716825652005614,0.724355643210654,0.727030335297531,0.750216843860478,0.758738696416769,0.769938020459079,0.773172638997068,0.773209156360882,0.773445341706318,0.80011986661828,0.800289145386203,0.806656590624307,0.826114060970634,0.836524498780166,0.836771097842372,0.838994976832517,0.843162241883365,0.873279232622822,0.879514719146174,0.890246515074498,0.901486753192425,0.91082493952019,0.938205559075939
"Team 15",0.240392961152163,0.279829724750186,0.291808646094769,0.308347125019992,0.341736813707326,0.377079166600745,0.388208717520934,0.399874934392732,0.404304615430213,0.431568370478572,0.435021063449452,0.438041446097999,0.438603904146231,0.493077380441891,NA,0.512503030843389,0.522817360273147,0.534369457180888,0.554510200556547,0.560456218882647,0.56298314723591,0.589720644907581,0.615697774694497,0.616281527006995,0.618609744753073,0.619866832814166,0.621861669060537,0.622455075905555,0.624303277876072,0.637162522091216,0.649747505916414,0.653820257291381,0.655136991187973,0.663237117617024,0.67550904790966,0.685186726384095,0.686543219462005,0.687087669188136,0.690058556370926,0.692155967847206,0.708807952788981,0.711170903820456,0.71879227394829,0.721500194110233,0.744991679549834,0.753633257247398,0.764996171194853,0.768279359907514,0.768316428989364,0.768556184535884,0.795654270830405,0.795826366452042,0.802300949801249,0.822100087111318,0.83270217250391,0.83295338605995,0.835219035913869,0.839465332783026,0.870182927628241,0.876549234432089,0.887511387212384,0.898999959908357,0.90854995939707,0.936580459860083
"Team 16",0.231377589179671,0.269860798759986,0.281579826125825,0.297782343784433,0.330574796564021,0.365403571592617,0.376396742529056,0.387933074993117,0.392316948068724,0.419341386568962,0.422769012816645,0.425768435034363,0.426327089593096,0.480581072720535,0.487496969156611,NA,0.510326113018251,0.521904077026226,0.542122001486823,0.548098616316135,0.550639627214172,0.577565660487754,0.603795333897137,0.604385548869461,0.606739886933538,0.608011307599274,0.61002921797893,0.610629566899957,0.612499620143992,0.625520535634567,0.638280080975098,0.642412790627067,0.64374927218448,0.651974783812386,0.664449485608011,0.67429797038249,0.675679173857075,0.676233594689255,0.679259427973128,0.681396177482867,0.698376554235838,0.700788420629304,0.708571487846203,0.711338304553929,0.735372563778537,0.744228197035314,0.755884381485918,0.759254807974475,0.759292868425745,0.7595390394096,0.787400834331146,0.787578025094131,0.794246547889327,0.814665982030762,0.825617131379054,0.825876759143814,0.828218594995289,0.832609134304061,0.864426760539418,0.871033516707395,0.882419753413209,0.894366446521999,0.904307930522328,0.933543555939233
"Team 17",0.224112530810348,0.261798970798456,0.27329894779461,0.289216795268261,0.321497844343445,0.355878691151224,0.366750914703744,0.378170892216038,0.382513390752491,0.409317388098051,0.412721317365385,0.415700791323938,0.416255811747334,0.470278798725664,0.477182639726853,0.489673886981749,NA,0.51158844849335,0.53185130420186,0.537847694820878,0.540398012377559,0.567455662400049,0.593871668377417,0.594466737493577,0.596840728470565,0.598122955219081,0.600158294015009,0.600763893854206,0.60265049679928,0.615794767181082,0.628688985777378,0.632868246139326,0.634220088920623,0.642543449549511,0.655177414541297,0.665160897266132,0.666561687746392,0.667124016168412,0.670193463516585,0.672361477616391,0.689604025292821,0.692055108141752,0.699968086096583,0.70278232158742,0.727255816991427,0.736285665729429,0.748181337770824,0.751623170931447,0.751662043271785,0.751913468452183,0.780403371222515,0.780584768879767,0.787413571014819,0.808347494069689,0.819589314778815,0.819855958821638,0.822261343310263,0.826772296887586,0.859512185884052,0.86632140230311,0.878065425133065,0.890399587516698,0.900672942468824,0.93093430374074
"Team 18",0.216154026931716,0.25293845762028,0.264188513429311,0.279780028304574,0.311469346018598,0.345323569296634,0.35605157812607,0.367331653894268,0.371624071159043,0.398157034788745,0.401531243729541,0.40448557387039,0.405036000286512,0.458747183842778,0.465630542819112,0.478095922973774,0.488411551506651,NA,0.520292816607236,0.526305396100086,0.528863613920619,0.5560424488861,0.582642824264441,0.583242800206062,0.585636697561234,0.586929896166244,0.588982968254455,0.589593919635056,0.591497414963869,0.604768667315368,0.617803259968457,0.622031382500617,0.623399383307509,0.631826032296223,0.644629293509142,0.654757244579201,0.656179061263782,0.656749882715945,0.659866217638054,0.662067888086696,0.679594004425291,0.682087692217278,0.690142118033194,0.693008097086061,0.717963432198441,0.72718552050788,0.739346364947788,0.742867452784348,0.742907226725334,0.743164486935461,0.77235492672859,0.772541035029912,0.779549479008875,0.801062149828482,0.812632255940079,0.812906835165125,0.815384114038942,0.820031407561194,0.853820061605225,0.860860504765273,0.87301395929893,0.885792636255075,0.896447600700197,0.927893210368271
"Team 19",0.202710794381676,0.237901835777231,0.248705749473689,0.263711003683743,0.29432404449093,0.327200301592144,0.337655669899568,0.348668504621515,0.352864471021237,0.378865602625338,0.382180141650775,0.385083706382402,0.385624827326744,0.438659767661476,0.445489799443453,0.457877998513177,0.46814869579814,0.479707183392764,NA,0.506025445278578,0.508590924957925,0.535913001836835,0.562771090109207,0.563378225420434,0.565801281400272,0.567110626214863,0.569189900628358,0.569808784053521,0.571737389151517,0.585200412517029,0.598451863690697,0.602756413573949,0.604149781341558,0.612739584028377,0.625813494988543,0.636175037209949,0.637631027906829,0.638215665077967,0.641408393174173,0.64366502157682,0.661657814877596,0.66422212602363,0.672511862716112,0.675464227946732,0.701230866092203,0.710779678550138,0.723393650812691,0.72705068122842,0.727092002946717,0.727359280846163,0.757760523658181,0.757954824272138,0.765276145617003,0.787802535299593,0.79995122851307,0.800239823059743,0.802844146325987,0.807732671703825,0.843389396178536,0.850844449825213,0.863734295312863,0.877315560902515,0.888661986606549,0.922266833030959
"Team 20",0.198843197631131,0.233559503795026,0.244229414304976,0.259057721229802,0.289342859700529,0.321916534857924,0.332286452096356,0.343214910782888,0.347380250220539,0.373210326737168,0.376505380146317,0.379392306706883,0.37993037143463,0.432733769373786,0.439543781117353,0.451901383683865,0.462152305179122,0.473694603899913,0.493974554721422,NA,0.50256601098884,0.52991344866153,0.556831625116321,0.557440522154473,0.559870786883866,0.561184145411873,0.563269964332194,0.563890836131102,0.565825756530349,0.579337886135217,0.592646255494081,0.596971128212179,0.598371267148841,0.607004895102049,0.620152391328752,0.630578157401404,0.632043591411637,0.632632049479468,0.635845937222782,0.638117820702922,0.656241122709327,0.658825318620113,0.667181532026078,0.670158382538587,0.696156785595706,0.705799729995966,0.718544891633986,0.722241413374708,0.722283185059101,0.72255337545821,0.75330875591538,0.753505465750553,0.760918918737718,0.78374530456608,0.796066151689755,0.796358924160438,0.799001135248305,0.803961681491006,0.840179376131578,0.84775965186346,0.860872490824038,0.874697607067003,0.886254762002967,0.920521192900279
"Team 21",0.197213127105002,0.231727153840616,0.242339823256138,0.257092430895483,0.287236883876185,0.319680122731343,0.330013059894653,0.340904923394501,0.345056956861144,0.370812437184396,0.374098955555956,0.376978586713869,0.377515310570343,0.430215938943964,0.43701685276409,0.449360372785828,0.459601987622441,0.471136386079381,0.491409075042075,0.49743398901116,NA,0.52735583681602,0.554297286945691,0.554906882728725,0.557340012272268,0.558654969553746,0.56074340045354,0.561365067024688,0.563302515155263,0.576834443550597,0.590165985616635,0.594499173755629,0.595902087251727,0.604553715767332,0.617731572734402,0.628183946221556,0.629653299698869,0.630243344119147,0.633466021734626,0.63574424719083,0.653921951081783,0.65651445594027,0.664898480001008,0.667885585927851,0.693981329218509,0.703663925950151,0.716464443809081,0.720177648659277,0.720219610480964,0.720491031609897,0.751396368497068,0.751594100407863,0.75904665626016,0.782000584826925,0.794394758088427,0.794689311207807,0.797347672609154,0.802338930493288,0.838796311789208,0.84643019586651,0.859638585149493,0.873568307178384,0.885215953473655,0.919767000390737
"Team 22",0.180444778900042,0.212802101181864,0.222799391213938,0.236734137337567,0.26534412959233,0.296342689957664,0.306260875410761,0.316739417971186,0.320740357296235,0.3456386730101,0.348825772556473,0.351620152575979,0.352141178914334,0.403596241760557,0.410279355092419,0.422434339512246,0.432544337599951,0.4439575511139,0.464086998163165,0.47008655133847,0.47264416318398,NA,0.527102476536726,0.527717575738026,0.53017349409878,0.531501315206737,0.533610967206137,0.534239138182131,0.536197409582173,0.549898124316526,0.563436025371217,0.567844881228607,0.569273198349726,0.578091291551797,0.591555203404007,0.602262475245421,0.603769653124986,0.604375024950138,0.607682816957846,0.610022641572382,0.62873434239486,0.631409176795404,0.640070030914522,0.643159678701889,0.670239000119125,0.680326777491837,0.693696554725188,0.6975820728122,0.697626000382311,0.697910146521632,0.730377912939196,0.730586368249522,0.738449860096658,0.762752623404013,0.775927557760528,0.776241115237973,0.77907193736418,0.784391603398454,0.823430773871694,0.83164625664554,0.845894692998167,0.860967784643975,0.873608311893985,0.911303273124245
"Team 23",0.164949442583396,0.195189916247522,0.204574822932217,0.217688994050332,0.244735336170654,0.27422498038834,0.283701370959302,0.293734865015419,0.297571773949836,0.321522885509901,0.32459792274355,0.32729576957823,0.327798974761416,0.377771193439912,0.384302225305503,0.396204666102863,0.406128331622583,0.417357175735559,0.437228909890793,0.443168374883679,0.445702713054309,0.472897523463274,NA,0.500616953058735,0.50308109615313,0.504413912422042,0.506532292788341,0.507163250641516,0.509130763602434,0.522919630396775,0.536585148322294,0.541044287776479,0.542489816122682,0.551424165292107,0.565098865067155,0.576002583516365,0.577539469125036,0.578156916326018,0.581532137138876,0.583921138123878,0.6030703233276,0.605814134398272,0.614709414415958,0.617886796683098,0.645827863427415,0.656279440401623,0.670167358797326,0.674211174186469,0.674256911281918,0.674552773115825,0.708482334390833,0.708700966444878,0.716955760914076,0.742559449697612,0.756497771032266,0.756829996827623,0.759830412355132,0.765473917926143,0.807096036316956,0.815901624854437,0.83121214569675,0.847462373769624,0.86113273757859,0.902131582143049
"Team 24",0.164609804179648,0.194802537009699,0.204173543295548,0.217269016996931,0.244279473045899,0.273734095983838,0.283200142283221,0.293223166249909,0.297056202450042,0.320984779348289,0.324057128209375,0.326752654817435,0.327255431199563,0.377191284125213,0.383718472993005,0.395614451130539,0.405533262506423,0.416757199793938,0.436621774579566,0.442559477845527,0.445093117271275,0.472282424261974,0.499383046941265,NA,0.502464161830814,0.503797000722924,0.505915435089212,0.506546413307379,0.508514002389801,0.522303938878806,0.535971442955238,0.540431430000936,0.541877254182503,0.550813660750353,0.564492272806565,0.575399772446904,0.576937238226153,0.577554921796475,0.580931467977538,0.583321441069856,0.602479436754444,0.605224658593132,0.614124767944479,0.61730396998613,0.645263187072241,0.655722544594284,0.669621636833656,0.67366888493587,0.673714661318795,0.674010777543292,0.707972382135999,0.708191239119019,0.716454699017505,0.742087408025545,0.75604289013691,0.756375536688493,0.759379776895845,0.765030596955111,0.806711526231038,0.815530655043768,0.830865632076392,0.847143086151561,0.860837365590355,0.901913482091083
"Team 25",0.163258848949227,0.193261114381689,0.202576625508859,0.215597422463634,0.242464441706169,0.271778918108505,0.281203530945568,0.291184596589828,0.295002107219035,0.318840272026947,0.321901825450394,0.324588033123608,0.325089087082793,0.374878579546771,0.381390255246927,0.393260113066462,0.403159271529435,0.414363302438766,0.434198718599728,0.440129213116134,0.442659987727732,0.46982650590122,0.49691890384687,0.497535838169186,NA,0.501332888776401,0.503451474501304,0.504082514903644,0.506050348301305,0.519844139624515,0.533519165606941,0.537982404855293,0.539429367585145,0.54837372701358,0.562067565936366,0.572989855871549,0.574529595408946,0.575148205622133,0.578529950504199,0.580923739483348,0.600116402869192,0.602867186735395,0.611786353194935,0.614972742383513,0.643003779197087,0.653493981012973,0.667437413724127,0.671498292673363,0.671544225084104,0.67184135161739,0.705930359094847,0.706150111256329,0.714448065915972,0.740196395676797,0.754220310323447,0.754554635247602,0.757574132952737,0.76325413736229,0.805169938088034,0.8140431908972,0.82947596578107,0.845862350100565,0.859652360122658,0.901038040255903
"Team 26",0.162531834993806,0.19243122213034,0.201716733191898,0.214697140699296,0.241486508761965,0.270725005018477,0.280127129464382,0.290085408002111,0.293894483025959,0.317683476048556,0.320739152061101,0.323420284975357,0.323920400838424,0.373629991160466,0.380133167185834,0.391988692400726,0.401877044780919,0.413070103833756,0.432889373785137,0.438815854588127,0.441345030446253,0.468498684793263,0.495586087577958,0.496202999277076,0.498667111223599,NA,0.502118624711255,0.502749685977329,0.504717611704515,0.518513209547978,0.532192029844967,0.536656939302815,0.538104489128583,0.547052973537423,0.560754781928754,0.571684863219435,0.573225803538612,0.57384490330834,0.577229396653548,0.57962520495197,0.59883627053368,0.601590014197142,0.610519333399929,0.613709555689868,0.64177898733257,0.652285717022375,0.666252939245514,0.670321137471487,0.67036715367868,0.670664822817492,0.704822350728923,0.705042584924075,0.713359119513873,0.739169792596658,0.753230647731725,0.753565878998869,0.756593616667709,0.762289385886904,0.80433220704639,0.813234763168682,0.828720513792831,0.845165941859915,0.859007871228679,0.900561614864352
"Team 27",0.161381616050673,0.191117696441462,0.200355550080739,0.213271767151478,0.239937621501354,0.269055104087611,0.278421374949967,0.28834330382558,0.292138916997419,0.315849371639903,0.318895651269422,0.321568669295179,0.322067284897594,0.371648820614341,0.378138330939463,0.38997078202107,0.399841705984991,0.411017031745545,0.430810099371642,0.436730035667806,0.43925659954646,0.466389032793863,0.493467707211659,0.494084564910788,0.496548525498696,0.497881375288745,NA,0.500631075971539,0.502599090903342,0.516397157389581,0.53008161173791,0.534549047225088,0.535997488598523,0.544952273561879,0.558666362552239,0.569608525220217,0.571151331927799,0.571771192905379,0.575159962667184,0.577558915733415,0.596798723257936,0.599557100628784,0.608502331534392,0.611698567236324,0.639828367224545,0.650361140148735,0.664365891338375,0.668445644893466,0.668491793416587,0.668790319349966,0.703056184195589,0.703277181381649,0.711623133046826,0.737532609460839,0.751652069073311,0.751988738713544,0.755029554310934,0.760750349516284,0.802995025575728,0.811944196710441,0.827514259182714,0.844053711541959,0.857978364112995,0.899800135277527
"Team 28",0.161040274616527,0.190727763990788,0.199951428942858,0.212848528311743,0.239477572374159,0.268558952483485,0.277914518447093,0.287825589633012,0.29161718043728,0.315304151929846,0.31834761993797,0.32101820938923,0.321516375960281,0.371059521020285,0.377544924094445,0.389370433100043,0.399236106145794,0.410406080364944,0.430191215946479,0.436109163868898,0.438634932975312,0.465760861817869,0.492836749358484,0.493453586692621,0.495917485096356,0.497250314022671,0.499368924028461,NA,0.501968027843827,0.515766734025365,0.529452772266445,0.533920929575638,0.535369626615449,0.544326227429159,0.558043882399485,0.568989571618155,0.570532924204347,0.571153007888014,0.574543029490129,0.57694290381843,0.596191151535915,0.598950892241082,0.60790080882367,0.61109881681242,0.639246440970519,0.649786916881522,0.663802778689003,0.667885955372569,0.667932143097982,0.668230922883527,0.702528919589285,0.702750143276207,0.711104829506823,0.73704366593552,0.751180554618701,0.751517652152801,0.754562358482231,0.760290600232988,0.802595390148455,0.811558454935578,0.827153656029742,0.843721156061196,0.857670495717068,0.899572314492555
"Team 29",0.15997953314638,0.189515649260634,0.198695088052438,0.211532577720155,0.238046774332952,0.267015406191428,0.276337515619523,0.286214639052166,0.289993649691083,0.313607129308203,0.316641792088516,0.319304774719376,0.319801534702803,0.369224234999634,0.375696722123928,0.387500379856008,0.39734950320072,0.408502585036131,0.428262610848483,0.434174243469651,0.436697484844737,0.463802590417827,0.490869236397566,0.491485997610199,0.493949651698695,0.495282388295485,0.497400909096658,0.498031972156173,NA,0.51380041905486,0.527491118389716,0.53196143637293,0.53341090149054,0.542372985257145,0.556101488891551,0.567057962524035,0.568602987691613,0.569223753958031,0.57261761446347,0.575020316013205,0.594294526096407,0.59705846832841,0.606022837539775,0.609226316367171,0.63742905784263,0.647993393863393,0.662043701939901,0.666137497659859,0.666183807012085,0.666483374393392,0.700881162652041,0.701103090385583,0.709484932255686,0.735515117340914,0.74970627631409,0.750044706569513,0.753101531741448,0.758852971600689,0.801345186008487,0.810351602525866,0.82602527041266,0.842680356571933,0.856706819433722,0.898858888412475
"Team 30",0.152697870769037,0.18117957527469,0.190049924840583,0.202469992363705,0.228176985959832,0.256348621651872,0.265433186064461,0.275068704011931,0.278758023067215,0.301845560691815,0.30481695345522,0.307425227267708,0.307911865750624,0.356460036886342,0.362837477908784,0.374479464365433,0.384205232818918,0.395231332684632,0.414799587482971,0.420662113864783,0.423165556449403,0.450101875683474,0.477080369603225,0.477696061121194,0.480155860375485,0.481486790452022,0.483602842610419,0.484233265974635,0.48619958094514,NA,0.513711507312528,0.518193115884745,0.519646717618968,0.528639555836393,0.542432478820175,0.55345542003552,0.555010894890987,0.55563593467843,0.559053919780644,0.561474477967759,0.580915288588164,0.583706531301865,0.5927653404741,0.596004755658509,0.624573693990643,0.635298291960193,0.649581300175133,0.653747103803166,0.653794238584186,0.654099151400593,0.689178540057725,0.689405302720437,0.697973867043259,0.724635141403493,0.739203081575905,0.739550779843408,0.742691914023502,0.748604897239652,0.792408918963587,0.80172023298282,0.817946988268677,0.835221158651593,0.84979413168721,0.893727433690921
"Team 31",0.145734463954411,0.173182804662738,0.181748543001537,0.193755880562528,0.218659814322938,0.24603098122602,0.254875223304266,0.264265357959083,0.267863318870518,0.290411854032788,0.293317980280537,0.29586973596897,0.296345909558653,0.343976837060717,0.350252494083586,0.361719919024902,0.371311014222622,0.382196740031543,0.401548136309303,0.407353744505919,0.409834014383365,0.436563974628783,0.463414851677706,0.464028557044762,0.466480834393059,0.467807970155032,0.46991838826209,0.470547227733555,0.472508881610284,0.486288492687472,NA,0.504486084878175,0.50594161265818,0.514951533883698,0.52878796839272,0.539860777248523,0.541424370253483,0.542052747544523,0.545489747985171,0.547924554569883,0.567503353211009,0.570317851195409,0.579458100927905,0.582728855449744,0.611624849224299,0.622495773610022,0.636993680850641,0.64122647720057,0.641274381143927,0.641584275671968,0.677306712538192,0.677538083885446,0.686285057885688,0.713554701808082,0.728489201604785,0.728845944161151,0.732069410181379,0.738140432694559,0.783239861907412,0.792854935032468,0.809634935151688,0.827531497897515,0.84265642594666,0.888403256353666
"Team 32",0.143514578665394,0.17062832612909,0.179095085820626,0.190968034020512,0.21560946476988,0.242717411907078,0.251482269068084,0.260791151019446,0.264358806672018,0.286727868759521,0.289612175943427,0.29214502029856,0.292617690502288,0.33993888051797,0.346179742708619,0.357587209372933,0.367131753860674,0.377968617499383,0.397243586426051,0.403028871787821,0.405500826244371,0.432155118771393,0.458955712223521,0.459568569999064,0.462017595144707,0.463343060697185,0.465450952774912,0.466079070424362,0.46803856362707,0.481806884115255,0.495513915121825,NA,0.501455682982471,0.510468257590883,0.524314443896202,0.535400013126071,0.536965763245665,0.537595032207713,0.541037161063729,0.543475857819851,0.563093693919128,0.565914938273832,0.575079065518682,0.578359095798786,0.607353797673562,0.618269657947094,0.632834136966818,0.637087802404786,0.637135946237701,0.637447394635638,0.673372237760622,0.673605070675727,0.682408722011175,0.709872870352122,0.724925330331343,0.72528498968666,0.728535021070112,0.734657101620427,0.780177795311966,0.789892259599803,0.806853789581219,0.824955284541345,0.840262527988435,0.886611715916492
"Team 33",0.142800341816405,0.169805903570631,0.178240624160953,0.190070042195049,0.21462634054851,0.241648761695833,0.250387787967969,0.259670211143743,0.263227992759859,0.285538509727818,0.288415690489813,0.290942356401067,0.291413881847807,0.338633589898719,0.344863008812027,0.35625072781552,0.365779911079377,0.376600616692491,0.395850218658442,0.401628732851159,0.404097912748273,0.430726801650274,0.457510183877318,0.458122745817497,0.460570632414855,0.461895510871417,0.464002511401477,0.464630373384551,0.46658909850946,0.480353282381032,0.49405838734182,0.498544317017529,NA,0.50901312399309,0.522861997635083,0.533951328353917,0.535517725159802,0.536147262070362,0.539590938272139,0.54203081486526,0.561660663687376,0.564484004575752,0.573655582198842,0.576938517092578,0.605964352200787,0.616894474638416,0.631480148300446,0.635740470930887,0.635788691320006,0.636100635623147,0.672090279926848,0.672323581983549,0.681145436692781,0.708672191770879,0.723762704866422,0.724123305852634,0.727381914784235,0.733520488282502,0.779177562659604,0.788924270649627,0.805944746447384,0.824112864426351,0.839479441190254,0.886025027919015
"Team 34",0.138443322744107,0.164783306809009,0.173020536690255,0.184581327142175,0.208611151118992,0.235102943712974,0.243681312565607,0.252798957798506,0.256295187112418,0.278240005629088,0.281072576076223,0.283560547352916,0.284024901434548,0.330605943247259,0.336762882382976,0.348025216187614,0.357456550450489,0.368173967703777,0.387260415971623,0.392995104897951,0.395446284232668,0.421908708448203,0.448575834707893,0.449186339249647,0.45162627298642,0.452947026462577,0.455047726438121,0.455673772570841,0.457627014742855,0.471360444163607,0.485048466116302,0.489531742409117,0.490986876006911,NA,0.513860297744,0.52496876688377,0.526538583893537,0.52716954540222,0.530621521974048,0.533067799029972,0.552764837026047,0.555600140306777,0.564814571198318,0.568114330371273,0.59732302937009,0.608337923226094,0.623050305831025,0.62735057297906,0.627399253077196,0.627714175410274,0.664095249484953,0.66433139889102,0.673263854774909,0.701172519492413,0.716496099073216,0.716862475023801,0.720173705599762,0.726413539074113,0.772911304028576,0.782857515305516,0.800243327900207,0.818825238126021,0.834561036889396,0.882332894191526
"Team 35",0.131960427111512,0.157292169900138,0.165229011242132,0.17638022881473,0.199603738404921,0.225277281040668,0.233606628016749,0.242468164808596,0.245868532077556,0.267241390773177,0.270003878592942,0.272431000464044,0.272884070903528,0.318450649570776,0.32449095209034,0.335550514391989,0.344822585458703,0.355370706490858,0.374186505011457,0.379847608671248,0.382268427265598,0.408444796595993,0.434901134932845,0.435507727193435,0.437932434063634,0.439245218071246,0.441333637447761,0.441956117600515,0.443898511108449,0.457567521179825,0.47121203160728,0.475685556103798,0.477138002364917,0.486139702256,NA,0.511123867889769,0.512696967587718,0.513329325781001,0.516789728044697,0.519242779422959,0.539018682405384,0.541868905053499,0.551138032708653,0.554459690914586,0.583915514961016,0.595048523363719,0.609940025040095,0.61429726736951,0.614346604418335,0.614665783190814,0.65161428331278,0.651854607240395,0.660949631865252,0.689424924160957,0.705097546483022,0.705472597724196,0.708862933450698,0.715255262341195,0.763030801113659,0.773282827250788,0.791230813924927,0.810452514841014,0.82676166559359,0.876452251434344
"Team 36",0.126945731125779,0.151482821817345,0.159181899235105,0.170008116773711,0.192588812467571,0.217605381508281,0.225733720265819,0.234387945569623,0.237710554421254,0.258617450517743,0.261322584269852,0.263699858174745,0.264143679804602,0.308870747475016,0.314813273615905,0.32570202961751,0.334839102733868,0.345242755420799,0.363824962790051,0.369421842598596,0.371816053778444,0.397737524754579,0.423997416483635,0.424600227553096,0.427010144128451,0.428315136780565,0.430391474779783,0.431010428381845,0.432942037475966,0.44654457996448,0.460139222751477,0.464599986873929,0.466048671646083,0.47503123311623,0.488876132110231,NA,0.501573988934897,0.502206766712732,0.505670096095852,0.508125869036698,0.5279433284559,0.530802421356219,0.54010542113047,0.543441089892103,0.573064459564141,0.584281099533127,0.599301925612559,0.603700791717132,0.603750609887914,0.604072906519845,0.641444621922145,0.641688103530124,0.650906485261734,0.679816650136054,0.695760168674762,0.696141977503093,0.699593983205254,0.706105448613163,0.754890085095248,0.765386013011562,0.783784352052564,0.803521410076302,0.82029469500397,0.871552036371758
"Team 37",0.126249582192729,0.150675338077643,0.158341033799936,0.169121565602773,0.191611692827727,0.216535376804826,0.224635222515608,0.23326002103051,0.236571581361639,0.257412130579083,0.260109080007076,0.262479237247446,0.262921738089846,0.307528367607235,0.313456780537995,0.324320826142925,0.333438312253608,0.343820938736218,0.362368972093171,0.367956408588363,0.370346700301131,0.396230346875014,0.422460530874964,0.423062761773847,0.425470404591054,0.426774196461388,0.428848668072201,0.429467075795653,0.431397012308387,0.444989105109013,0.458575629746517,0.463034236754335,0.464482274840198,0.473461416106463,0.487303032412282,0.498426011065103,NA,0.500632786569585,0.504096253391769,0.506552215313868,0.526373979494138,0.52923410181061,0.538541163914862,0.541878554875106,0.571523372138829,0.582751020778372,0.597789074458696,0.602193524484189,0.602243407292187,0.602566122848525,0.639995302875413,0.64023921667535,0.649474512143338,0.678444681578378,0.694425809035741,0.694808557891867,0.698269146195917,0.704797210843155,0.753723265343355,0.764253554398452,0.782715489106631,0.802525534539388,0.81936472458879,0.870845557243031
"Team 38",0.12597063375428,0.150351707667302,0.158004001546558,0.1687661879198,0.191219932542135,0.21610628126045,0.224194669098647,0.232807631500687,0.236114747108873,0.256928596021387,0.259622250568814,0.26198954251603,0.26243151156186,0.306989610653279,0.312912330811864,0.323766405310745,0.332875983831588,0.343250117284055,0.361784334922033,0.367367950520532,0.369756655880853,0.395624975049862,0.421843083673982,0.422445078203525,0.424851794377867,0.42615509669166,0.428228807094621,0.428846992111986,0.430776246041969,0.44436406532157,0.457947252455477,0.462404967792287,0.463852737929638,0.47283045459778,0.486670674218999,0.497793233287268,0.499367213430415,NA,0.50346350273253,0.50591952691736,0.525742911428646,0.528603431774499,0.537912075794275,0.541250140851319,0.570903421649396,0.582135437881858,0.59718034181687,0.601587015098573,0.601636923649002,0.601959806049928,0.639411916721927,0.63965600323461,0.648898059941974,0.677892243525787,0.69388843887629,0.694271564485252,0.697735592879969,0.704270312222176,0.753253120637348,0.763797212393255,0.782284703850266,0.802124095381168,0.818989796238975,0.870560602701478
"Team 39",0.124453142330667,0.148590443811304,0.156169572981893,0.166831567422408,0.189086468904849,0.213768545923406,0.221794193553772,0.230342316836997,0.233625076249834,0.254292516651301,0.256968091717337,0.259319659014582,0.259758709328146,0.304050071766996,0.309941443629074,0.320740572026872,0.329806536483415,0.340133782361946,0.358591606825827,0.364154062777218,0.366533978265374,0.392317183042154,0.418467862861124,0.419068532022462,0.421470049495801,0.422770603346452,0.424840037332816,0.425456970509871,0.42738238553653,0.440946080219356,0.454510252014829,0.458962838936271,0.460409061727861,0.469378478025952,0.483210271955303,0.494329903904148,0.495903746608231,0.49653649726747,NA,0.502456225617905,0.522287357316649,0.525149895247707,0.53446667614269,0.537808244770814,0.567506230069192,0.57876155834039,0.593843183683315,0.598261804813414,0.598311851775435,0.598635631302044,0.63621149480713,0.636456515995465,0.645735184900583,0.674859686176965,0.690937820438537,0.691322996189867,0.694805747062589,0.701376698122229,0.750669108394813,0.761288628004969,0.779915889283932,0.799915929918237,0.816926884724185,0.868991409855484
"Team 40",0.123386511737354,0.147351759032463,0.154879200080464,0.165470373473231,0.187584577154559,0.212121890009625,0.220103022915011,0.228605114092835,0.231870574202497,0.252433928418594,0.255096637726381,0.257437012603187,0.257873985183589,0.301975081530826,0.307844032152794,0.318603822517133,0.327638522383609,0.337932111913304,0.35633497842318,0.361882179297078,0.36425575280917,0.389977358427618,0.416078861876122,0.416678558930144,0.419076260516652,0.42037479504803,0.422441084266585,0.42305709618157,0.424979683986795,0.438525522032241,0.452075445430117,0.456524142180149,0.45796918513474,0.466932200970028,0.480757220577041,0.491874130963302,0.493447784686132,0.49408047308264,0.497543774382095,NA,0.519835475094782,0.52269927851411,0.532021293951005,0.535365155975706,0.565093176988424,0.576364425395651,0.591471294610687,0.595898160492662,0.59594830304134,0.596272702159783,0.633934509008313,0.634180181985306,0.643484405129303,0.672700155862803,0.68883584055916,0.689222457660319,0.692718374288767,0.69931481815146,0.748825690573847,0.759498570323892,0.778224822636037,0.798338802770558,0.815452908718367,0.867868820771123
"Team 41",0.115053705359248,0.137654628302885,0.144770802733746,0.154797341995154,0.175785609500322,0.199157888313611,0.206779264335499,0.214908510059951,0.218033623102922,0.23774966940633,0.240307277418638,0.242556149545755,0.24297612838389,0.285509609390817,0.291192047211019,0.301623445764162,0.310395974707179,0.320405995574709,0.338342185122404,0.343758877290673,0.346078048918217,0.37126565760514,0.3969296766724,0.397520563245556,0.399883597130808,0.40116372946632,0.403201276742064,0.403808848464085,0.405705473903594,0.419084711411835,0.432496646788991,0.436906306080872,0.438339336312624,0.447235162973953,0.460981317594616,0.4720566715441,0.473626020505862,0.474257088571353,0.477712642683351,0.480164524905218,NA,0.502868970446275,0.512216857374418,0.515573378826989,0.545492653998925,0.5568735413226,0.572159517673238,0.57664586402533,0.576696698490893,0.577025583840206,0.615324543841282,0.615575132537822,0.625072799479701,0.65498838722268,0.6715709433276,0.671968796432219,0.675567438045485,0.682363238306375,0.733602058127855,0.744701276661739,0.764222018521232,0.785255545388331,0.803206272212263,0.8584969434247
"Team 42",0.113890411923032,0.136298015324512,0.143355717056579,0.153301818093647,0.174129089360232,0.197333851108687,0.204903284451137,0.212978580770334,0.216083353777082,0.235676195667698,0.238218469072199,0.240453980611812,0.240871477097382,0.283174347994386,0.288829096179544,0.299211579370696,0.307944891858248,0.317912307782722,0.33577787397637,0.341174681379887,0.34348554405973,0.368590823204596,0.394185865601728,0.394775341406868,0.397132813264605,0.398409985802858,0.400442899371216,0.401049107758918,0.40294153167159,0.416293468698135,0.429682148804591,0.434085061726168,0.435515995424248,0.444399859693223,0.458131094946501,0.46919757864378,0.47076589818939,0.471396568225501,0.474850104752293,0.47730072148589,0.497131029553725,NA,0.509349197678281,0.512706679296257,0.542645947650869,0.554039841277686,0.569347973874594,0.573841843304507,0.573892765667151,0.574222221123891,0.61260460004663,0.612855845797087,0.622379482833664,0.652390462782898,0.669034790189611,0.669434203298145,0.673047121410439,0.679870697472145,0.731353297195514,0.742513323137987,0.76214792794941,0.783314020078916,0.801385992209041,0.857097094903386
"Team 43",0.110170069751958,0.131954707302264,0.138823655280412,0.148509830826084,0.168815875704502,0.191476748705951,0.198877178889677,0.2067767476354,0.209815213785273,0.229005738861157,0.231497850813969,0.233689641385196,0.234099012913936,0.275644356789346,0.28120772605171,0.291428512153797,0.300031913903417,0.309857881966806,0.327488137283888,0.332818467973922,0.335101519998991,0.359929969085478,0.385290585584042,0.385875232055521,0.388213646805065,0.389480666600071,0.391497668465608,0.39209919117633,0.393977162460225,0.4072346595259,0.420541899072095,0.424920934481318,0.426344417801158,0.435185428801682,0.448861967291347,0.45989457886953,0.461458836085139,0.462087924205725,0.46553332385731,0.467978706048995,0.487783142625582,0.490650802321719,NA,0.503359077814892,0.53334993717205,0.544781142555304,0.56015478110426,0.564671231867532,0.564722418833353,0.565053590933035,0.603692054864556,0.603945343875948,0.613549957882078,0.643861117274922,0.660701443977815,0.661105819690589,0.664764179795819,0.671676295300648,0.723941613431449,0.735298095652533,0.755301577034268,0.776898572499557,0.795365824003111,0.852454677552342
"Team 44",0.108859736247163,0.13042324975572,0.137225079817444,0.146818733240541,0.166938884210096,0.189405214996311,0.196745064464246,0.204581570835758,0.207596222133803,0.226642002140039,0.229116035241276,0.231292062071397,0.231698503482582,0.272969664702469,0.278499805889767,0.288661695446071,0.29721767841258,0.306991902913939,0.324535772053268,0.329841617461413,0.332114414072149,0.356840321298111,0.382113203316902,0.38269603001387,0.385027257616487,0.386290444310132,0.388301432763677,0.38890118318758,0.390773683632829,0.403995244341491,0.417271144550256,0.421640904201214,0.423061482907422,0.431885669628727,0.445540309085414,0.456558910107897,0.458121445124894,0.458749859148681,0.462191755229186,0.464634844024294,0.484426621173011,0.487293320703743,0.496640922185108,NA,0.530004304290001,0.541447003127397,0.556841646025116,0.561365477142227,0.561416750902243,0.561748486253305,0.600472959868097,0.600726945543159,0.610359254362437,0.640774150649377,0.6576828404111,0.658088951961532,0.661763217079773,0.668706371822356,0.721248260397557,0.732674627619659,0.752809715281411,0.774560997615353,0.793170229519708,0.850756674879046
"Team 45",0.0977389978506671,0.117389838451767,0.123608570927632,0.13239635095891,0.150889594009488,0.17164105571019,0.178444050526015,0.185720152133732,0.1885227411965,0.206274157250796,0.208585821433286,0.210620136531673,0.21100022291734,0.249783156139522,0.255008320450166,0.264627436221463,0.272744183008573,0.282036567801559,0.298769133907797,0.303843214404294,0.306018670781491,0.329760999880875,0.354172136572585,0.354736812927759,0.356996220802913,0.358221012667429,0.360171632775455,0.360753559029481,0.36257094215737,0.375426306009357,0.388375150775701,0.392646202326438,0.394035647799213,0.40267697062991,0.416084485038984,0.426935540435859,0.42847662786117,0.429096578350604,0.432493769930808,0.434906823011576,0.454507346001075,0.457354052349131,0.46665006282795,0.469995695709999,NA,0.511499903427724,0.52702168301283,0.531593858899514,0.531645709272333,0.531981190777875,0.571328772514614,0.571588067083631,0.581433538148113,0.612673501425304,0.630141417642292,0.630561849351985,0.634367574757001,0.641568499692222,0.696460694917169,0.708492467415807,0.729777200160757,0.7528899342943,0.77276322903336,0.834848431437998
"Team 46",0.093756169612227,0.112706273485103,0.118710264726059,0.127200350129229,0.145089183445224,0.165198128512819,0.171798719748574,0.178862848731102,0.181585034406672,0.198843265374067,0.201092751629112,0.203072739339051,0.203442715876888,0.241261303583231,0.246366742752602,0.255771802964686,0.263714334270571,0.27281447949212,0.289220321449862,0.294200270004034,0.296336074049849,0.319673222508163,0.343720559598377,0.344277455405716,0.346506018987027,0.347714282977624,0.349638859851265,0.350213083118478,0.352006606136607,0.364701708039807,0.377504226389978,0.381730342052906,0.383105525361584,0.391662076773906,0.404951476636281,0.415718900466873,0.417248979221628,0.417864562118142,0.42123844165961,0.423635574604349,0.4431264586774,0.445960158722314,0.455218857444696,0.458552996872603,0.488500096572276,NA,0.515541096966296,0.520123200626014,0.520175174652712,0.52051146222213,0.560025819562281,0.560286689135879,0.570196584900846,0.601700706406765,0.619356033732244,0.619781327981293,0.623631821883388,0.630921167514995,0.686647547037241,0.698900130199059,0.720609060030296,0.744231132378888,0.764583049972387,0.82840694687904
"Team 47",0.0886044152097517,0.10663576561238,0.112357323724217,0.12045515263503,0.137544866547622,0.156799969154396,0.163130578147843,0.169911407524187,0.172525981550809,0.189122181699306,0.191287952419861,0.193194746218005,0.193551096995611,0.230061979540921,0.235003828805147,0.244115618514082,0.251818662229176,0.260653635052212,0.276606349187309,0.281455108366014,0.283535556190919,0.306303445274812,0.329832641202674,0.330378363166344,0.332562586275873,0.333747060754486,0.335634108661625,0.336197221310997,0.337956298060099,0.350418699824867,0.363006319149359,0.367165863033182,0.368519851699554,0.376949694168975,0.390059974959905,0.400698074387441,0.402210925541304,0.40281965818313,0.406156816316685,0.408528705389313,0.427840482326762,0.430652026125406,0.43984521889574,0.443158353974884,0.472978316987171,0.484458903033704,NA,0.504587842805383,0.504639896940215,0.50497671097287,0.544651337648275,0.544913915382236,0.554895034920705,0.586707790150267,0.604590969838368,0.605022240579127,0.608927889836234,0.616326811922915,0.673115074943917,0.685654559937705,0.70791937502313,0.732215644522323,0.753206604935667,0.81938618819515
"Team 48",0.0871335789156174,0.104900059624645,0.110540011513538,0.118524351954667,0.135382296158098,0.154388851432926,0.160640660147915,0.167338686670519,0.16992177594224,0.186323871947299,0.188465045286691,0.190350323092041,0.190702667408697,0.226827361002932,0.231720640092486,0.240745192025525,0.248376829068553,0.257132547215652,0.27294931877158,0.277758586625292,0.279822351340723,0.3024179271878,0.325788825813531,0.32633111506413,0.328501707326637,0.329678862528513,0.331554355106534,0.332114044627431,0.333862502340141,0.346252896196834,0.35877352279943,0.362912197595213,0.364259529069113,0.37264942702094,0.38570273263049,0.396299208282868,0.397806475515811,0.398412984901427,0.401738195186587,0.404101839507338,0.42335413597467,0.426158156695493,0.435328768132468,0.438634522857773,0.468406141100486,0.479876799373986,0.495412157194617,NA,0.500052058567539,0.500388903685854,0.540096350324536,0.540359338032102,0.550357922644497,0.582250825421289,0.6001954409313,0.600628338985143,0.604549038063689,0.611978014913691,0.669064332447957,0.681685723252701,0.704110336768924,0.728601983467843,0.749779409214368,0.81665431156686
"Team 49",0.0871170171111123,0.104880508860392,0.110519539389335,0.118502598130395,0.135357923368932,0.154361667794355,0.160612584814422,0.167309674056166,0.169892406857332,0.186292304176552,0.188433198759795,0.190318232704048,0.190670531609032,0.226790843639118,0.231683571010636,0.240707131574255,0.248337956728215,0.257092773274666,0.272907997053283,0.277716814940899,0.279780389519036,0.302373999617689,0.325743088718082,0.326285338681205,0.328455774915896,0.32963284632132,0.331508206583413,0.332067856902018,0.333816192987915,0.346205761415814,0.358725618856073,0.362864053762299,0.364211308679994,0.372600746922804,0.385653395581665,0.396249390112086,0.397756592707813,0.398363076350998,0.401688148224565,0.40405169695866,0.423303301509107,0.426107234332849,0.435277581166647,0.438583249097757,0.468354290727667,0.479824825347288,0.495360103059785,0.499947941432461,NA,0.500336845145594,0.540044626106969,0.540307618217739,0.550306391602118,0.582200174732359,0.600145471811354,0.600578387964173,0.604499254517301,0.611928566258428,0.669018224164951,0.681640536726822,0.704066951611483,0.728560805027093,0.749740340299489,0.81662313058379
"Team 50",0.0870099226876793,0.104754083285418,0.110387154653177,0.118361923425284,0.13520030856296,0.154185870494246,0.160431019135131,0.167122044944192,0.169702471631734,0.186088144442322,0.18822723552707,0.190110691723305,0.190462696819539,0.226554658293682,0.231443815464116,0.2404609605904,0.248086531547817,0.256835513064539,0.272640719153837,0.27744662454179,0.279508968390103,0.302089853478368,0.325447226884175,0.325989222456708,0.32815864838261,0.329335177182508,0.331209680650034,0.331769077116473,0.333516625606608,0.345900848599407,0.358415724328032,0.362552605364362,0.363899364376853,0.372285824589726,0.385334216809186,0.395927093480155,0.397433877151475,0.398040193950072,0.401364368697956,0.403727297840217,0.422974416159794,0.425777778876109,0.434946409066965,0.438251513746695,0.468018809222125,0.47948853777787,0.49502328902713,0.499611096314146,0.499663154854407,NA,0.539709923524263,0.539972943990826,0.549972933714682,0.581872397357528,0.599822096066873,0.600255129129702,0.604177077531978,0.611608552840741,0.668719801895907,0.681348074515334,0.703786138656476,0.728294265015933,0.749487446503349,0.816421274506049
"Team 51",0.0751686061863184,0.0907379352465917,0.0956978669401296,0.102733978255921,0.117645774964689,0.134549766689231,0.140131343242414,0.146123091381272,0.148437071573025,0.163172976490698,0.165102089659642,0.166801695997889,0.16711944831534,0.19988013338172,0.204345729169595,0.212599165668854,0.219596628777485,0.22764507327141,0.242239476341819,0.246691244084621,0.248603631502932,0.269622087060804,0.291517665609167,0.292027617864001,0.294069640905152,0.295177649271077,0.296943815804411,0.297471080410715,0.299118837347959,0.310821459942275,0.322693287461808,0.326627762239378,0.327909720073152,0.335904750515047,0.34838571668722,0.358555378077855,0.360004697124587,0.360588083278073,0.36378850519287,0.366065490991687,0.384675456158718,0.38739539995337,0.396307945135444,0.399527040131903,0.428671227485386,0.439974180437719,0.455348662351724,0.459903649675464,0.459955373893031,0.460290076475737,NA,0.500264701130858,0.510345126551488,0.542718003811124,0.561080649684116,0.561524959455765,0.565551870645722,0.573196242673368,0.632562473348062,0.645839085619916,0.669564917553136,0.695680131850645,0.718433726005323,0.791354924802559
"Team 52",0.0750950330039647,0.0906506168803067,0.0956062774314551,0.102636419000219,0.117535909977599,0.134426520692106,0.140003811661378,0.14599103262131,0.148303284767981,0.163028450863243,0.164956192189148,0.16665459641581,0.166972124668778,0.199710854613797,0.204173633547958,0.212421974905869,0.219415231120233,0.227458964970088,0.242045175727862,0.246494534249446,0.248405899592137,0.269413631750478,0.291299033555122,0.291808760880981,0.293849888743671,0.294957415075925,0.296722818618351,0.297249856723793,0.298896909614417,0.310594697279563,0.322461916114554,0.326394929324273,0.327676418016451,0.335668601108979,0.348145392759605,0.358311896469876,0.35976078332465,0.36034399676539,0.363543484004535,0.365819818014694,0.384424867462178,0.387144154202913,0.396054656124052,0.399273054456841,0.428411932916369,0.439713310864121,0.455086084617764,0.459640661967898,0.459692381782261,0.460027056009174,0.499735298869142,NA,0.510080535837445,0.542455222930665,0.560819881925137,0.561264249256099,0.565291701190973,0.572937194212467,0.63231634384104,0.645596866841416,0.669330617381225,0.695455926648572,0.718219494377363,0.791180049197183
"Team 53",0.0723416022751547,0.0873807108695475,0.0921757329228389,0.0989812270151834,0.113417166406384,0.129802950806819,0.135218379405962,0.141034513837907,0.143281433905878,0.157600242662001,0.159476027763262,0.16112889526052,0.16143793489734,0.193343409375693,0.197699050198751,0.205753452110673,0.212586428985181,0.220450520991125,0.234723854382997,0.239081081262282,0.240953343739839,0.261550139903342,0.283044239085924,0.283545300982495,0.285551934084028,0.286640880486127,0.288376866953174,0.288895170493177,0.290515067744314,0.302026132956741,0.313714942114312,0.317591277988825,0.318854563307219,0.326736145225091,0.339050368134748,0.349093514738266,0.350525487856662,0.351101940058026,0.354264815099417,0.356515594870697,0.374927200520299,0.377620517166336,0.386450042117922,0.389640745637563,0.418566461851887,0.429803415099154,0.445104965079295,0.449642077355503,0.449693608397882,0.450027066285317,0.489654873448512,0.489919464162555,NA,0.532430203891779,0.550864084558167,0.551310465962411,0.555356903547397,0.563042064076835,0.622891468222142,0.63631661555563,0.660344880055064,0.686847977444646,0.709986647373258,0.784439114045715
"Team 54",0.0640938153787522,0.0775616508686172,0.0818661861744756,0.0879842796089273,0.100996144216564,0.115821851076027,0.120734911992611,0.126018852631658,0.128062213436202,0.14111060499912,0.142823402636527,0.14433331379311,0.144615693448818,0.173885939029366,0.177899912888682,0.185334017969238,0.191652505930311,0.198937850171518,0.212197464700407,0.21625469543392,0.217999415173075,0.237247376595987,0.257440550302388,0.257912591974455,0.259803604323203,0.260830207403342,0.262467390539161,0.26295633406448,0.264484882659086,0.275364858596507,0.286445298191918,0.290127129647878,0.291327808229121,0.298827480507587,0.310575075839043,0.320183349863946,0.321555318421622,0.322107756474213,0.325140313823035,0.327299844137197,0.34501161277732,0.347609537217102,0.356138882725078,0.359225849350622,0.387326498574696,0.398299293593236,0.413292209849733,0.417749174578711,0.417799825267641,0.418127602642472,0.457281996188876,0.457544777069335,0.467569796108221,NA,0.518556317672584,0.51900677181844,0.523092525759327,0.530864264061451,0.591926721654172,0.605756514962763,0.630631827130611,0.658253534110238,0.682528452667753,0.76166369170987
"Team 55",0.0597808987834087,0.0724125932357363,0.0764550500246389,0.0822049607905056,0.0944506448654131,0.108431396831233,0.113071051961074,0.118064622536127,0.11999671592499,0.132348043704746,0.133971071738624,0.135402180242509,0.135669857121394,0.163475501219834,0.167297827496089,0.174382868620946,0.180410685221185,0.187367744059921,0.20004877148693,0.203933848310245,0.205605241911573,0.224072442239472,0.243502228967734,0.24395710986309,0.245779689676553,0.246769352268275,0.248347930926689,0.248819445381299,0.25029372368591,0.260796918424095,0.271510798395215,0.275074669668657,0.276237295133578,0.283503900926784,0.294902453516978,0.304239831325238,0.305574190964259,0.30611156112371,0.309062179561463,0.31116415944084,0.3284290566724,0.330965209810389,0.339298556022185,0.3423171595889,0.369858582357708,0.380643966267756,0.395409030161632,0.3998045590687,0.399854528188646,0.400177903933127,0.438919350315884,0.439180118074863,0.449135915441833,0.481443682327416,NA,0.500451090536619,0.504543996719665,0.512336207509716,0.573874470607754,0.587890117658756,0.613172854131713,0.64135766168737,0.66622417735223,0.747922540076182
"Team 56",0.0596795612362567,0.072291489451738,0.076327741891762,0.0820689290769183,0.0942964311223798,0.108257085029526,0.112890225963863,0.117876872052824,0.119806310340011,0.132140982480025,0.13376186271929,0.135191085271491,0.135458410217753,0.163228902157628,0.16704661394005,0.174123240856186,0.180144041178362,0.187093164834875,0.199760176940257,0.203641075839562,0.205310688792193,0.223758884762027,0.243170003172377,0.243624463311507,0.245445364752398,0.246434121001131,0.248011261286456,0.248482347847199,0.249955293430487,0.260449220156592,0.271154055838849,0.27471501031334,0.275876694147366,0.283137524976199,0.294527402275804,0.303858022496907,0.305191442108133,0.305728435514748,0.308677003810133,0.310777542339681,0.328031203567781,0.330565796701855,0.338894180309411,0.341911048038468,0.369438150648015,0.380218672018707,0.394977759420873,0.399371661014857,0.399421612035827,0.399744870870298,0.438475040544235,0.438735750743901,0.448689534037589,0.48099322818156,0.499548909463381,NA,0.504092939741123,0.511885381529637,0.573433168440665,0.587452895892222,0.612744786623276,0.640942520008236,0.665822821824639,0.747582203469158
"Team 57",0.058767388013044,0.0712011453576166,0.0751814540760912,0.0808439667282153,0.0929074332010017,0.106686668434763,0.111260985004731,0.116185089043783,0.118090542888888,0.130274712972323,0.13187617960326,0.133288354165322,0.133552497710797,0.161005023167482,0.164780964086131,0.171781405004711,0.177738656689737,0.184615885961059,0.197155853674013,0.200998864751695,0.202652327390846,0.22092806263582,0.240169587644868,0.240620223104155,0.242425867047263,0.243406383332291,0.244970445689066,0.245437641517769,0.246898468258552,0.257308085976498,0.267930589818621,0.271464978929888,0.272618085215765,0.279826294400238,0.291137066549302,0.300406016794746,0.301730853804083,0.302264407120031,0.305194252937411,0.307281625711233,0.324432561954515,0.326952878589561,0.335235820204181,0.338236782920227,0.365632425242998,0.376368178116612,0.391072110163766,0.395450961936311,0.395500745482699,0.395822922468022,0.434448129354278,0.434708298809027,0.444643096452603,0.476907474240673,0.495456003280335,0.495907060258877,NA,0.507793958372799,0.569423691954003,0.583479478539987,0.60885277064307,0.637166087855276,0.662170143416476,0.744480229170721
"Team 58",0.057066334099893,0.0691666370437908,0.0730421562345502,0.0785572280872683,0.0903129969747156,0.103751458535483,0.108215169949552,0.113021617160791,0.114881933331443,0.126782642229286,0.128347515839199,0.129727550826561,0.1299856960867,0.156837758116635,0.160534667216974,0.167390865695938,0.173227703112414,0.179968592438806,0.192267328296175,0.196038318508994,0.197661069506712,0.215608396601546,0.234526082073857,0.234969403044889,0.236745862637709,0.237710614113096,0.239249650483716,0.239709399767012,0.24114702839931,0.251395102760348,0.261859567305441,0.265342898379573,0.266479511717498,0.273586460925887,0.284744737658805,0.293894551386837,0.295202789156845,0.295729687777824,0.298623301877771,0.30068518184854,0.317636761693625,0.320129302527855,0.328323704699352,0.331293628177644,0.358431500307778,0.369078832485004,0.383673188077085,0.388021985086309,0.388071433741572,0.388391447159259,0.426803757326632,0.427062805787533,0.436957935923165,0.469135735938549,0.487663792490284,0.488114618470363,0.492206041627202,NA,0.561763410691719,0.575883008909464,0.601402930807645,0.62992773518385,0.655160644584062,0.738504119362779
"Team 59",0.0450836776286351,0.0547908243183623,0.0579109568017912,0.0623604024112189,0.0718814613875449,0.0828270463038696,0.0864773861135845,0.0904162253397392,0.0919430301065063,0.10174062118251,0.103032872572296,0.104173246373348,0.104386640422863,0.126720767377178,0.129817072371759,0.135573239460582,0.140487814115948,0.146179938394775,0.156610603821464,0.159820623868422,0.161203688210792,0.176569226128306,0.192903963683044,0.193288473768962,0.194830061911966,0.19566779295361,0.197004974424272,0.197404609851545,0.198654813991513,0.207591081036413,0.216760138092588,0.219822204688033,0.220822437340396,0.227088695971424,0.236969198886341,0.245109914904752,0.246276734656645,0.246746879362652,0.249330891605187,0.251174309426153,0.266397941872145,0.268646702804486,0.276058386568551,0.278751739602443,0.303539305082831,0.313352452962759,0.326884925056083,0.330935667552043,0.330981775835049,0.331280198104093,0.367437526651938,0.36768365615896,0.377108531777858,0.408073278345828,0.426125529392246,0.426566831559335,0.430576308045997,0.438236589308281,NA,0.514389358012927,0.540658084974378,0.570424901888095,0.597120140475983,0.687806913965135
"Team 60",0.0426689903108217,0.0518844701699092,0.0548487006566142,0.0590776196334099,0.0681338905210239,0.0785571234361411,0.0820361118865763,0.085791659250333,0.087247862395334,0.0965983532480836,0.0978324040622123,0.0989215666514,0.0991253932582272,0.120485280853826,0.123450765567911,0.128966483292605,0.13367859769689,0.139139495234727,0.149155550174787,0.152240348136541,0.15356980413349,0.16835374335446,0.184098375145563,0.184469344956232,0.185956809102801,0.186765236831318,0.188055803289559,0.188441545064422,0.189648397474134,0.19827976701718,0.207145064967532,0.210107740400197,0.211075729350373,0.217142484694484,0.226717172749212,0.234613986988438,0.235746445601548,0.236202787606745,0.238711371995031,0.240501429676108,0.255298723338261,0.257486676862012,0.264701904347467,0.267325372380341,0.291507532584193,0.301099869800941,0.314345440062295,0.318314276747299,0.318359463273178,0.318651925484666,0.354160914380084,0.354403133158584,0.36368338444437,0.394243485037237,0.412109882341244,0.412547104107778,0.416520521460013,0.424116991090536,0.485610641987073,NA,0.526330344574599,0.556263607084582,0.583195846068377,0.675312630029583
"Team 61",0.0385644865753969,0.0469369548752691,0.0496333240762772,0.0534828837481646,0.0617377861191413,0.0712573549112237,0.0744391812802142,0.077876451664919,0.0792099448912021,0.0877818461242071,0.0889143508216974,0.0899141243441851,0.090101247068761,0.109753484925502,0.112488612787616,0.117580246586792,0.121934574866935,0.12698604070107,0.136265704687137,0.139127509175962,0.140361414850507,0.154105307001833,0.16878785430325,0.169134367923608,0.17052403421893,0.171279486207169,0.172485740817286,0.172846343970258,0.17397472958734,0.182053011731323,0.190365064848312,0.193146210418781,0.194055253552616,0.199756672099793,0.208769186075073,0.216215647947436,0.217284510893369,0.217715296149734,0.220084110716068,0.221775177363963,0.235777981478768,0.237852072050589,0.244698422965732,0.247190284718589,0.270222799839243,0.279390939969704,0.292080624976871,0.295889663231076,0.295933048388517,0.296213861343524,0.330435082446864,0.330669382618775,0.339655119944936,0.369368172869389,0.386827145868287,0.387255213376724,0.39114722935693,0.398597069192355,0.459341915025622,0.473669655425401,NA,0.530111697220362,0.557368178753975,0.651784866707599
"Team 62",0.0343337845875033,0.0418277142250658,0.0442442004393792,0.047696757273118,0.0551105891732882,0.0636776388747779,0.0665452617367538,0.0696454539223161,0.0708488350260757,0.0785931478499009,0.0796174525240394,0.0805219285262476,0.0806912379418542,0.0985132468075752,0.101000040091643,0.105633553478001,0.109600412483302,0.114207363744926,0.122684439097485,0.125302392932998,0.126431692821616,0.139032215356025,0.152537626230376,0.152856913848439,0.154137649899435,0.154834058140085,0.155946288458041,0.156278843938804,0.157319643428067,0.164778841348407,0.172468502102485,0.175044715458655,0.175887135573649,0.181174761873979,0.189547485158986,0.196478589923698,0.197474465460612,0.197875904618832,0.200084070081763,0.201661197229442,0.214744454611669,0.216685979921084,0.223101427500443,0.225439002384647,0.2471100657057,0.255768867621112,0.267784355477677,0.271398016532157,0.271439194972907,0.271705734984067,0.304319868149355,0.304544073351428,0.313152022555354,0.341746465889762,0.35864233831263,0.359057479991764,0.362833912144724,0.37007226481615,0.429575098111905,0.443736392915418,0.469888302779638,NA,0.527446129151287,0.623939022674454
"Team 63",0.0308709137337985,0.0376384729519295,0.0398229955594957,0.0429460500905564,0.0496599545223124,0.0574311926723496,0.0600355530563189,0.0628528931779992,0.0639469749013866,0.0709945063582887,0.0719275087129515,0.0727515302035208,0.0729057966733588,0.0891750604798103,0.0914500406029296,0.0956920694776722,0.0993270575311757,0.103552399299803,0.111338013393451,0.113745237997033,0.114784046526345,0.126391688106015,0.13886726242141,0.139162634409645,0.140347639877342,0.140992128771321,0.142021635887005,0.142329504282932,0.143293180566278,0.15020586831279,0.15734357405334,0.159737472011565,0.160520558809746,0.165438963110604,0.17323833440641,0.17970530499603,0.180635275411209,0.181010203761025,0.183073115275815,0.184547091281633,0.196793727787737,0.198614007790959,0.204634175996889,0.206829770480292,0.22723677096664,0.235416950027613,0.246793395064333,0.250220590785632,0.250259659700511,0.250512553496651,0.281566273994677,0.281780505622637,0.290013352626742,0.317471547332247,0.33377582264777,0.334177178175361,0.337829856583524,0.344839355415938,0.402879859524017,0.416804153931623,0.442631821246025,0.472553870848713,NA,0.597823943391737
"Team 64",0.02097985067215,0.0256364380325386,0.0271440149738639,0.0293030861380658,0.0339598203465951,0.0393759577448814,0.0411973445095176,0.0431712503625652,0.0439387962711841,0.0488964330141613,0.0495545157325446,0.0501360723824924,0.050244982304934,0.0617944409240608,0.0634195401399174,0.066456444060767,0.0690656962592594,0.0721067896317289,0.0777331669690414,0.079478807099721,0.080232999609263,0.0886967268757546,0.0978684178569506,0.0980865179089169,0.0989619597440967,0.0994383851356479,0.100199864722473,0.100427685507445,0.101141111587525,0.106272566309079,0.111596743646334,0.113388284083508,0.113974972080985,0.117667105808474,0.123547748565656,0.128447963628242,0.129154442756969,0.129439397298522,0.131008590144516,0.132131179228877,0.141503056575299,0.142902905096614,0.147545322447658,0.149243325120954,0.165151568562002,0.17159305312096,0.18061381180485,0.183345688433139,0.18337686941621,0.183578725493951,0.208645075197441,0.208819950802817,0.215560885954285,0.23833630829013,0.252077459923818,0.252417796530842,0.255519770829279,0.261495880637221,0.312193086034865,0.324687369970417,0.348215133292401,0.376060977325546,0.402176056608263,NA
