p,q1,q2,q3,q4,q5,q6,eMaxEspnScore_n=1,eMaxEspnScore_n=10,eMaxEspnScore_n=100,eMaxEspnScore_n=1000,eMaxEspnScore_n=10000,eMaxEspnScore_n=1e+05,eMaxEspnScore_n=1e+06,eMaxEspnScore_n=1e+07,eMaxEspnScore_n=1e+08
0.75,0.5,0.5,0.5,0.5,0.5,0.5,960,1297.8978650035808,1459.3775181333608,1554.459863392305,1620.461358205931,1670.4151891170975,1710.212065532827,1742.9855328395531,1770.596464057221
0.75,0.55,0.55,0.55,0.5,0.5,0.5,935.9999999999998,1273.737760977354,1435.2201278412113,1530.5604874067872,1597.0896696092598,1647.7951752864496,1688.4918589467484,1722.2464559984198,1750.874145921007
0.75,0.6,0.6,0.6,0.5,0.5,0.5,912,1249.1528994548844,1410.1434913703622,1505.2449326102326,1571.8667232482132,1622.9720858757505,1664.2971611388894,1698.829248824194,1728.323493204466
0.75,0.55,0.55,0.55,0.5,0.5,0.5,935.9999999999998,1273.737760977354,1435.2201278412113,1530.5604874067872,1597.0896696092598,1647.7951752864496,1688.4918589467484,1722.2464559984198,1750.874145921007
0.75,0.6,0.6,0.6,0.5,0.5,0.5,912,1249.1528994548844,1410.1434913703622,1505.2449326102326,1571.8667232482132,1622.9720858757505,1664.2971611388894,1698.829248824194,1728.323493204466
0.75,0.65,0.65,0.65,0.5,0.5,0.5,887.9999999999998,1224.1372102203272,1384.1173368528307,1478.4456708113205,1544.69084725395,1595.8166777087772,1637.471948509792,1672.549572525229,1702.731121144402
0.75,0.7,0.7,0.7,0.5,0.5,0.5,863.9999999999999,1198.6821293104913,1357.0963863554982,1450.0547147891257,1515.39321435676,1566.112545079918,1607.7590845384188,1643.1122321561463,1673.7655721362305
0.75,0.65,0.65,0.65,0.5,0.5,0.5,887.9999999999998,1224.1372102203272,1384.1173368528307,1478.4456708113205,1544.69084725395,1595.8166777087772,1637.471948509792,1672.549572525229,1702.731121144402
0.75,0.7,0.7,0.7,0.5,0.5,0.5,863.9999999999999,1198.6821293104913,1357.0963863554982,1450.0547147891257,1515.39321435676,1566.112545079918,1607.7590845384188,1643.1122321561463,1673.7655721362305
0.75,0.75,0.75,0.75,0.5,0.5,0.5,839.9999999999999,1172.776324195481,1329.0163420197064,1419.9069592363062,1483.7075108484398,1533.515927845211,1574.7518100547318,1610.0553048045672,1640.9150915000057
0.75,0.8,0.8,0.8,0.5,0.5,0.5,815.9999999999998,1146.4053061101608,1299.7872649278531,1387.7471847073894,1449.2073865382226,1497.47270354743,1537.7943981887986,1572.636808510016,1603.3621653403816
0.75,0.8500000000000001,0.8500000000000001,0.8500000000000001,0.5,0.5,0.5,791.9999999999998,1119.5508942490262,1269.2825229890063,1353.1577839360637,1411.1641358179772,1457.0291933976118,1495.7559235956437,1529.577090056384,1559.698707657558
0.75,0.8,0.8,0.8,0.5,0.5,0.5,815.9999999999998,1146.4053061101608,1299.7872649278531,1387.7471847073894,1449.2073865382226,1497.47270354743,1537.7943981887986,1572.636808510016,1603.3621653403816
0.75,0.8500000000000001,0.8500000000000001,0.8500000000000001,0.5,0.5,0.5,791.9999999999998,1119.5508942490262,1269.2825229890063,1353.1577839360637,1411.1641358179772,1457.0291933976118,1495.7559235956437,1529.577090056384,1559.698707657558
0.75,0.9,0.9,0.9,0.5,0.5,0.5,767.9999999999998,1092.1902895240146,1237.3195135261444,1315.365731308807,1368.1548061141405,1410.3107803688831,1446.405600195288,1478.3463246690908,1507.1371274007934
0.75,0.95,0.95,0.95,0.5,0.5,0.5,743.9999999999999,1064.2782317928506,1203.600194118124,1272.473689171407,1316.506789055716,1352.4511118663386,1383.9206733193064,1412.309557844627,1438.3366718373825
0.75,0.9,0.9,0.9,0.5,0.5,0.5,767.9999999999998,1092.1902895240146,1237.3195135261444,1315.365731308807,1368.1548061141405,1410.3107803688831,1446.405600195288,1478.3463246690908,1507.1371274007934
0.75,0.95,0.95,0.95,0.5,0.5,0.5,743.9999999999999,1064.2782317928506,1203.600194118124,1272.473689171407,1316.506789055716,1352.4511118663386,1383.9206733193064,1412.309557844627,1438.3366718373825
0.75,1,1,1,0.5,0.5,0.5,719.9999999999999,1033.643829300437,1161.9957299649254,1199.968606387375,1199.9999999999998,1199.9999999999998,1199.9999999999998,1199.9999999999998,1199.9999999999998
0.75,0.5,0.5,0.5,0.55,0.55,0.55,935.9999999999998,1276.2509791123755,1443.221017988061,1542.2324890857235,1610.989673582788,1662.888283663742,1704.0729921370414,1737.8647291367042,1766.2476698141302
0.75,0.55,0.55,0.55,0.55,0.55,0.55,911.9999999999998,1252.0938246119729,1419.0595369327195,1518.2982625019145,1587.5359074272435,1640.1432926697958,1682.2004978679226,1716.9597085608757,1746.3542014133031
0.75,0.5,0.5,0.5,0.55,0.55,0.55,935.9999999999998,1276.2509791123755,1443.221017988061,1542.2324890857235,1610.989673582788,1662.888283663742,1704.0729921370414,1737.8647291367042,1766.2476698141302
0.75,0.55,0.55,0.55,0.55,0.55,0.55,911.9999999999998,1252.0938246119729,1419.0595369327195,1518.2982625019145,1587.5359074272435,1640.1432926697958,1682.2004978679226,1716.9597085608757,1746.3542014133031
0.75,0.6,0.6,0.6,0.55,0.55,0.55,887.9999999999998,1227.5215503987342,1394.0118736215427,1492.998498046096,1562.2868172259728,1615.245570751988,1657.8939601212032,1693.4071398145056,1723.654901067789
0.75,0.65,0.65,0.65,0.55,0.55,0.55,863.9999999999998,1202.5284475236683,1368.0501714209888,1466.2699749904723,1535.144372293158,1588.0691085004896,1631.001251693489,1667.02725839956,1697.9411674165842
0.75,0.6,0.6,0.6,0.55,0.55,0.55,887.9999999999998,1227.5215503987342,1394.0118736215427,1492.998498046096,1562.2868172259728,1615.245570751988,1657.8939601212032,1693.4071398145056,1723.654901067789
0.75,0.65,0.65,0.65,0.55,0.55,0.55,863.9999999999998,1202.5284475236683,1368.0501714209888,1466.2699749904723,1535.144372293158,1588.0691085004896,1631.001251693489,1667.02725839956,1697.9411674165842
0.75,0.7,0.7,0.7,0.55,0.55,0.55,839.9999999999999,1177.1065304316076,1341.13335022948,1438.0131925297617,1505.947622373525,1558.4037872600238,1601.271123910662,1637.5307857655298,1668.8873759091623
0.75,0.75,0.75,0.75,0.55,0.55,0.55,815.9999999999998,1151.2452960754692,1313.2037728288433,1408.0781219968355,1474.444407220211,1525.9167581639488,1568.306087254564,1604.464265525455,1635.989631094452
0.75,0.7,0.7,0.7,0.55,0.55,0.55,839.9999999999999,1177.1065304316076,1341.13335022948,1438.0131925297617,1505.947622373525,1558.4037872600238,1601.271123910662,1637.5307857655298,1668.8873759091623
0.75,0.75,0.75,0.75,0.55,0.55,0.55,815.9999999999998,1151.2452960754692,1313.2037728288433,1408.0781219968355,1474.444407220211,1525.9167581639488,1568.306087254564,1604.464265525455,1635.989631094452
0.75,0.8,0.8,0.8,0.55,0.55,0.55,791.9999999999998,1124.9313864051292,1284.1818375392952,1376.236723158063,1440.2332418244723,1490.0726331255737,1531.465707748153,1567.098996687418,1598.442251368443
0.75,0.8500000000000001,0.8500000000000001,0.8500000000000001,0.55,0.55,0.55,767.9999999999998,1098.148124709208,1253.957082500703,1342.124886346879,1402.6313402309552,1449.9515945628946,1489.6462933182247,1524.178461037288,1554.857309434706
0.75,0.9,0.9,0.9,0.55,0.55,0.55,743.9999999999998,1070.8747005627376,1222.3726562481809,1305.0951411926385,1360.3111819059611,1403.748187454954,1440.6726784217938,1473.2198885590146,1502.4879438653454
0.75,0.8500000000000001,0.8500000000000001,0.8500000000000001,0.55,0.55,0.55,767.9999999999998,1098.148124709208,1253.957082500703,1342.124886346879,1402.6313402309552,1449.9515945628946,1489.6462933182247,1524.178461037288,1554.857309434706
0.75,0.9,0.9,0.9,0.55,0.55,0.55,743.9999999999998,1070.8747005627376,1222.3726562481809,1305.0951411926385,1360.3111819059611,1403.748187454954,1440.6726784217938,1473.2198885590146,1502.4879438653454
0.75,0.95,0.95,0.95,0.55,0.55,0.55,719.9999999999999,1043.069000747087,1189.1725102661571,1263.662537659144,1309.8544865289346,1346.7810583363123,1378.8731507672458,1407.717399656889,1434.1058313959147
0.75,1,1,1,0.55,0.55,0.55,695.9999999999998,1012.626915639341,1148.6827513816204,1199.3829332435607,1199.9999999999998,1199.9999999999998,1199.9999999999998,1199.9999999999998,1199.9999999999998
0.75,0.95,0.95,0.95,0.55,0.55,0.55,719.9999999999999,1043.069000747087,1189.1725102661571,1263.662537659144,1309.8544865289346,1346.7810583363123,1378.8731507672458,1407.717399656889,1434.1058313959147
0.75,1,1,1,0.55,0.55,0.55,695.9999999999998,1012.626915639341,1148.6827513816204,1199.3829332435607,1199.9999999999998,1199.9999999999998,1199.9999999999998,1199.9999999999998,1199.9999999999998
0.75,0.5,0.5,0.5,0.6,0.6,0.6,911.9999999999998,1251.6720984084598,1423.8802368785912,1527.139445577179,1599.0954119027224,1653.3904502334744,1696.3384837134947,1731.435240571525,1760.8060202764295
0.75,0.55,0.55,0.55,0.6,0.6,0.6,887.9999999999998,1227.517298213423,1399.7167928208028,1503.1751229711265,1575.561277838278,1630.510133862257,1674.291103257914,1710.333933707886,1740.707386390119
0.75,0.6,0.6,0.6,0.6,0.6,0.6,863.9999999999998,1202.9536901335152,1374.6970869651527,1477.8963130278612,1550.2941406528175,1605.5378168068185,1649.8607687059202,1686.6245704990376,1717.8321548361228
0.75,0.55,0.55,0.55,0.6,0.6,0.6,887.9999999999998,1227.517298213423,1399.7167928208028,1503.1751229711265,1575.561277838278,1630.510133862257,1674.291103257914,1710.333933707886,1740.707386390119
0.75,0.6,0.6,0.6,0.6,0.6,0.6,863.9999999999998,1202.9536901335152,1374.6970869651527,1477.8963130278612,1550.2941406528175,1605.5378168068185,1649.8607687059202,1686.6245704990376,1717.8321548361228
0.75,0.65,0.65,0.65,0.6,0.6,0.6,839.9999999999999,1177.9757872842722,1348.7953670208194,1451.2442306178657,1523.2003871090787,1578.3510760158354,1622.8995531145802,1660.1325944811806,1691.9774570758232
0.75,0.7,0.7,0.7,0.6,0.6,0.6,815.9999999999998,1152.5759677722945,1321.9741672870075,1423.1279053241587,1494.128629298909,1548.7474397408132,1593.163104751109,1630.5756914515723,1662.8246697882812
0.75,0.65,0.65,0.65,0.6,0.6,0.6,839.9999999999999,1177.9757872842722,1348.7953670208194,1451.2442306178657,1523.2003871090787,1578.3510760158354,1622.8995531145802,1660.1325944811806,1691.9774570758232
0.75,0.7,0.7,0.7,0.6,0.6,0.6,815.9999999999998,1152.5759677722945,1321.9741672870075,1423.1279053241587,1494.128629298909,1548.7474397408132,1593.163104751109,1630.5756914515723,1662.8246697882812
0.75,0.75,0.75,0.75,0.6,0.6,0.6,791.9999999999999,1126.7442502035012,1294.181506346729,1393.41225777971,1462.8440494347958,1516.4077412236393,1560.2652573033874,1597.510648418115,1629.8794557002889
0.75,0.8,0.8,0.8,0.6,0.6,0.6,767.9999999999998,1100.4679787259784,1265.3464075275956,1361.895853062525,1428.9761374192178,1480.8204464285734,1523.5846563921214,1560.225132333912,1592.350684937754
0.75,0.8500000000000001,0.8500000000000001,0.8500000000000001,0.6,0.6,0.6,743.9999999999998,1073.731388359134,1235.3716417613973,1328.266279939166,1391.9007101608724,1441.1092859887128,1482.0519443367746,1517.49144310997,1548.8754293197064
0.75,0.8,0.8,0.8,0.6,0.6,0.6,767.9999999999998,1100.4679787259784,1265.3464075275956,1361.895853062525,1428.9761374192178,1480.8204464285734,1523.5846563921214,1560.225132333912,1592.350684937754
0.75,0.8500000000000001,0.8500000000000001,0.8500000000000001,0.6,0.6,0.6,743.9999999999998,1073.731388359134,1235.3716417613973,1328.266279939166,1391.9007101608724,1441.1092859887128,1482.0519443367746,1517.49144310997,1548.8754293197064
0.75,0.9,0.9,0.9,0.6,0.6,0.6,719.9999999999999,1046.514829649259,1204.121283444768,1291.9968886372503,1350.4159720921202,1395.5583009360485,1433.562358990761,1466.8856947850666,1496.757541781788
0.75,0.95,0.95,0.95,0.6,0.6,0.6,695.9999999999998,1018.778009029524,1171.3760637099106,1252.0176493403617,1301.4484243299328,1339.7249477599073,1372.6349819053398,1402.0634580557658,1428.9087002248584
0.75,0.9,0.9,0.9,0.6,0.6,0.6,719.9999999999999,1046.514829649259,1204.121283444768,1291.9968886372503,1350.4159720921202,1395.5583009360485,1433.562358990761,1466.8856947850666,1496.757541781788
0.75,0.95,0.95,0.95,0.6,0.6,0.6,695.9999999999998,1018.778009029524,1171.3760637099106,1252.0176493403617,1301.4484243299328,1339.7249477599073,1372.6349819053398,1402.0634580557658,1428.9087002248584
0.75,1,1,1,0.6,0.6,0.6,671.9999999999999,988.4591650216008,1131.864346799174,1195.1250164347252,1199.999999191875,1199.9999999999998,1199.9999999999998,1199.9999999999998,1199.9999999999998
0.75,0.5,0.5,0.5,0.65,0.65,0.65,887.9999999999997,1223.9792684373665,1400.9909258370817,1508.707282612856,1584.24410835254,1641.4059323643105,1686.5672539131651,1723.3358165180834,1753.976302707771
0.75,1,1,1,0.6,0.6,0.6,671.9999999999999,988.4591650216008,1131.864346799174,1195.1250164347252,1199.999999191875,1199.9999999999998,1199.9999999999998,1199.9999999999998,1199.9999999999998
0.75,0.5,0.5,0.5,0.65,0.65,0.65,887.9999999999997,1223.9792684373665,1400.9909258370817,1508.707282612856,1584.24410835254,1641.4059323643105,1686.5672539131651,1723.3358165180834,1753.976302707771
0.75,0.55,0.55,0.55,0.65,0.65,0.65,863.9999999999998,1199.8262769071869,1376.8272075709815,1484.7175021013431,1560.6349219032568,1618.385487926823,1664.324422700592,1702.0056085162328,1733.633440528848
0.75,0.6,0.6,0.6,0.65,0.65,0.65,839.9999999999999,1175.2676004526782,1351.833429581813,1459.463145029181,1535.3589647973038,1593.3437826040235,1639.7621665616311,1678.1182405372788,1710.552225594079
0.75,0.65,0.65,0.65,0.65,0.65,0.65,815.9999999999998,1150.2978599020146,1325.9856207747907,1432.889710994761,1508.3278142578354,1566.1625370377992,1612.736949345572,1651.5048699711283,1684.536466817966
0.75,0.6,0.6,0.6,0.65,0.65,0.65,839.9999999999999,1175.2676004526782,1351.833429581813,1459.463145029181,1535.3589647973038,1593.3437826040235,1639.7621665616311,1678.1182405372788,1710.552225594079
0.75,0.65,0.65,0.65,0.65,0.65,0.65,815.9999999999998,1150.2978599020146,1325.9856207747907,1432.889710994761,1508.3278142578354,1566.1625370377992,1612.736949345572,1651.5048699711283,1684.536466817966
0.75,0.7,0.7,0.7,0.65,0.65,0.65,791.9999999999999,1124.9096287490415,1299.2493535062592,1404.9142608252555,1479.401064335852,1536.6486865550476,1583.0125145397897,1621.8912624253005,1655.2758378258543
0.75,0.75,0.75,0.75,0.65,0.65,0.65,767.9999999999998,1099.0932131598986,1271.5773543146015,1375.4154645759695,1448.3638693224652,1504.5002535732922,1550.2166325733374,1588.8465690926437,1622.2875536330455
0.75,0.7,0.7,0.7,0.65,0.65,0.65,791.9999999999999,1124.9096287490415,1299.2493535062592,1404.9142608252555,1479.401064335852,1536.6486865550476,1583.0125145397897,1621.8912624253005,1655.2758378258543
0.75,0.75,0.75,0.75,0.65,0.65,0.65,767.9999999999998,1099.0932131598986,1271.5773543146015,1375.4154645759695,1448.3638693224652,1504.5002535732922,1550.2166325733374,1588.8465690926437,1622.2875536330455
0.75,0.8,0.8,0.8,0.65,0.65,0.65,743.9999999999998,1072.8363409619503,1242.905730877916,1344.2155652089937,1414.8819462656045,1469.2361144014667,1513.7519551147543,1551.6786897769748,1584.798369010794
0.75,0.8500000000000001,0.8500000000000001,0.8500000000000001,0.65,0.65,0.65,719.9999999999998,1046.1237265277578,1213.1479295162198,1311.045746262732,1378.4016742665733,1430.036311682873,1472.5928073335629,1509.1960010309288,1541.4764098931464
0.75,0.9,0.9,0.9,0.65,0.65,0.65,695.9999999999998,1018.9362846964896,1182.1844798470197,1275.4719896683523,1337.8802184804388,1385.302170972746,1424.7244281294672,1459.048715427542,1489.688859181066
0.75,0.8500000000000001,0.8500000000000001,0.8500000000000001,0.65,0.65,0.65,719.9999999999998,1046.1237265277578,1213.1479295162198,1311.045746262732,1378.4016742665733,1430.036311682873,1472.5928073335629,1509.1960010309288,1541.4764098931464
0.75,0.9,0.9,0.9,0.65,0.65,0.65,695.9999999999998,1018.9362846964896,1182.1844798470197,1275.4719896683523,1337.8802184804388,1385.302170972746,1424.7244281294672,1459.048715427542,1489.688859181066
0.75,0.95,0.95,0.95,0.65,0.65,0.65,671.9999999999998,991.2345851301668,1149.8237815452023,1236.6912212736331,1290.7152331853886,1330.9060548482516,1364.9093576195105,1395.095363458786,1422.5222202130617
0.75,1,1,1,0.65,0.65,0.65,647.9999999999998,960.9782336757028,1111.1074174151731,1183.8747207769577,1199.982724105511,1199.9999999999998,1199.9999999999998,1199.9999999999998,1199.9999999999998
0.75,0.95,0.95,0.95,0.65,0.65,0.65,671.9999999999998,991.2345851301668,1149.8237815452023,1236.6912212736331,1290.7152331853886,1330.9060548482516,1364.9093576195105,1395.095363458786,1422.5222202130617
0.75,1,1,1,0.65,0.65,0.65,647.9999999999998,960.9782336757028,1111.1074174151731,1183.8747207769577,1199.982724105511,1199.9999999999998,1199.9999999999998,1199.9999999999998,1199.9999999999998
0.75,0.5,0.5,0.5,0.7,0.7,0.7,863.9999999999998,1192.8652744367023,1374.047044383335,1486.291327948623,1565.7062538809546,1626.1767785195875,1674.0685597092604,1712.9847318620764,1745.279649137398
0.75,0.55,0.55,0.55,0.7,0.7,0.7,839.9999999999999,1168.713602324959,1349.8843541953677,1462.28049508018,1542.0296340823684,1603.0186775860068,1651.6149426778245,1691.3917172136871,1724.6469327936206
0.75,0.5,0.5,0.5,0.7,0.7,0.7,863.9999999999998,1192.8652744367023,1374.047044383335,1486.291327948623,1565.7062538809546,1626.1767785195875,1674.0685597092604,1712.9847318620764,1745.279649137398
0.75,0.55,0.55,0.55,0.7,0.7,0.7,839.9999999999999,1168.713602324959,1349.8843541953677,1462.28049508018,1542.0296340823684,1603.0186775860068,1651.6149426778245,1691.3917172136871,1724.6469327936206
0.75,0.6,0.6,0.6,0.7,0.7,0.7,815.9999999999998,1144.1559965754425,1324.913415032579,1437.052690829873,1516.7534971283728,1577.9181151274086,1626.919205652261,1667.307202980176,1701.326662719077
0.75,0.65,0.65,0.65,0.7,0.7,0.7,791.9999999999998,1119.187079214695,1299.111692663516,1410.5573964592904,1489.7950949676415,1550.7618348849496,1599.8423938372998,1640.5683106556176,1675.1301924614068
0.75,0.7,0.7,0.7,0.7,0.7,0.7,767.9999999999998,1093.7994701428702,1272.4472034732096,1382.7189870396762,1461.02563037525,1521.368298056101,1570.1579533843155,1610.9101152748367,1645.7569091379123
0.75,0.65,0.65,0.65,0.7,0.7,0.7,791.9999999999998,1119.187079214695,1299.111692663516,1410.5573964592904,1489.7950949676415,1550.7618348849496,1599.8423938372998,1640.5683106556176,1675.1301924614068
0.75,0.7,0.7,0.7,0.7,0.7,0.7,767.9999999999998,1093.7994701428702,1272.4472034732096,1382.7189870396762,1461.02563037525,1521.368298056101,1570.1579533843155,1610.9101152748367,1645.7569091379123
0.75,0.75,0.75,0.75,0.7,0.7,0.7,743.9999999999998,1067.9835612926868,1244.87643738606,1353.4283865640732,1430.2512233591503,1489.4568091138333,1537.5111447668926,1577.9168432940887,1612.7380156963072
0.75,0.8,0.8,0.8,0.7,0.7,0.7,719.9999999999998,1041.727192575821,1216.341109193784,1322.5282701051012,1397.1757665332152,1454.584515011228,1501.335400048772,1540.9218091605971,1575.3224580856115
0.75,0.75,0.75,0.75,0.7,0.7,0.7,743.9999999999998,1067.9835612926868,1244.87643738606,1353.4283865640732,1430.2512233591503,1489.4568091138333,1537.5111447668926,1577.9168432940887,1612.7380156963072
0.75,0.8,0.8,0.8,0.7,0.7,0.7,719.9999999999998,1041.727192575821,1216.341109193784,1322.5282701051012,1397.1757665332152,1454.584515011228,1501.335400048772,1540.9218091605971,1575.3224580856115
0.75,0.8500000000000001,0.8500000000000001,0.8500000000000001,0.7,0.7,0.7,695.9999999999998,1015.0151866551618,1186.7629913550163,1289.7854128045967,1361.3211883706924,1416.0040094443134,1460.661799760646,1498.779391560868,1532.2174670626189
0.75,0.9,0.9,0.9,0.7,0.7,0.7,671.9999999999999,987.8284924580456,1156.0351520710926,1254.833530843389,1321.821805977885,1372.2723768608373,1413.5935043302195,1449.2348749604755,1480.8705158288994
0.75,0.95,0.95,0.95,0.7,0.7,0.7,647.9999999999998,960.1276344933924,1123.9863572382656,1217.019231981444,1276.6557851378177,1319.6928567922484,1355.2120998727332,1386.4067794167884,1414.58973346931
0.75,0.9,0.9,0.9,0.7,0.7,0.7,671.9999999999999,987.8284924580456,1156.0351520710926,1254.833530843389,1321.821805977885,1372.2723768608373,1413.5935043302195,1449.2348749604755,1480.8705158288994
0.75,0.95,0.95,0.95,0.7,0.7,0.7,647.9999999999998,960.1276344933924,1123.9863572382656,1217.019231981444,1276.6557851378177,1319.6928567922484,1355.2120998727332,1386.4067794167884,1414.58973346931
0.75,1,1,1,0.7,0.7,0.7,623.9999999999998,929.8723844893568,1085.9011541181162,1166.6690179796356,1198.6501420873428,1199.9999999966158,1199.9999999999998,1199.9999999999998,1199.9999999999998
0.75,0.5,0.5,0.5,0.75,0.75,0.75,839.9999999999998,1157.8319557924824,1342.3267425693505,1458.9731552551702,1542.4669968429607,1606.6016114241752,1657.756144142354,1699.4181880521423,1733.906884751426
0.75,1,1,1,0.7,0.7,0.7,623.9999999999998,929.8723844893568,1085.9011541181162,1166.6690179796356,1198.6501420873428,1199.9999999966158,1199.9999999999998,1199.9999999999998,1199.9999999999998
0.75,0.5,0.5,0.5,0.75,0.75,0.75,839.9999999999998,1157.8319557924824,1342.3267425693505,1458.9731552551702,1542.4669968429607,1606.6016114241752,1657.756144142354,1699.4181880521423,1733.906884751426
0.75,0.55,0.55,0.55,0.75,0.75,0.75,815.9999999999998,1133.6811834016407,1318.166021921052,1434.9455995551452,1518.7314509968137,1583.3156012463007,1635.086698060528,1677.5313231181167,1712.9317737850477
0.75,0.6,0.6,0.6,0.75,0.75,0.75,791.9999999999998,1109.1201833064315,1293.213682428954,1409.7452815927657,1493.4621163125362,1558.1702036296142,1610.2655550385114,1653.2370334023294,1689.3378338354155
0.75,0.65,0.65,0.65,0.75,0.75,0.75,767.9999999999998,1084.143459939887,1267.4482448680285,1383.325283560606,1466.5819643853874,1531.058211434443,1583.1588595925257,1626.3783175961669,1662.944522975946
0.75,0.6,0.6,0.6,0.75,0.75,0.75,791.9999999999998,1109.1201833064315,1293.213682428954,1409.7452815927657,1493.4621163125362,1558.1702036296142,1610.2655550385114,1653.2370334023294,1689.3378338354155
0.75,0.65,0.65,0.65,0.75,0.75,0.75,767.9999999999998,1084.143459939887,1267.4482448680285,1383.325283560606,1466.5819643853874,1531.058211434443,1583.1588595925257,1626.3783175961669,1662.944522975946
0.75,0.7,0.7,0.7,0.75,0.75,0.75,743.9999999999999,1058.7435206110467,1240.8395233764495,1355.616527264593,1437.9734859158502,1501.8115197607135,1553.55205717307,1596.701098832044,1633.4624529397777
0.75,0.75,0.75,0.75,0.75,0.75,0.75,719.9999999999998,1032.910630493993,1213.3467655984623,1326.5207519711134,1407.46281561367,1470.17425762088,1521.1127409580329,1563.8084781796974,1600.4399485089425
0.75,0.7,0.7,0.7,0.75,0.75,0.75,743.9999999999999,1058.7435206110467,1240.8395233764495,1355.616527264593,1437.9734859158502,1501.8115197607135,1553.55205717307,1596.701098832044,1633.4624529397777
0.75,0.75,0.75,0.75,0.75,0.75,0.75,719.9999999999998,1032.910630493993,1213.3467655984623,1326.5207519711134,1407.46281561367,1470.17425762088,1521.1127409580329,1563.8084781796974,1600.4399485089425
0.75,0.8,0.8,0.8,0.75,0.75,0.75,695.9999999999998,1006.6324510734393,1184.9157628993612,1295.8982904439129,1374.7896807763643,1435.7489219357026,1485.3144552507445,1527.066680356299,1563.154124096039
0.75,0.8500000000000001,0.8500000000000001,0.8500000000000001,0.75,0.75,0.75,671.9999999999998,979.8934941332094,1155.474265705494,1263.5457177200617,1339.5455538187011,1397.8767405942317,1445.263728740376,1485.390712471753,1520.362844414535
0.75,0.8,0.8,0.8,0.75,0.75,0.75,695.9999999999998,1006.6324510734393,1184.9157628993612,1295.8982904439129,1374.7896807763643,1435.7489219357026,1485.3144552507445,1527.066680356299,1563.154124096039
0.75,0.8500000000000001,0.8500000000000001,0.8500000000000001,0.75,0.75,0.75,671.9999999999998,979.8934941332094,1155.474265705494,1263.5457177200617,1339.5455538187011,1397.8767405942317,1445.263728740376,1485.390712471753,1520.362844414535
0.75,0.9,0.9,0.9,0.75,0.75,0.75,647.9999999999998,952.6740669503732,1124.9241647268414,1229.15082230088,1301.0243999895597,1355.3150524727944,1399.2237305176327,1436.6522836468143,1469.6184649900486
0.75,0.95,0.95,0.95,0.75,0.75,0.75,623.9999999999999,924.933251149309,1093.1082196462412,1192.1716474312352,1257.7244747113175,1304.967505196216,1342.7148354806604,1375.315508937589,1404.5185281250515
0.75,1,1,1,0.75,0.75,0.75,599.9999999999999,894.6036592386577,1055.4864756216257,1143.8922138351677,1190.1015323696402,1199.9761372862288,1199.9999999999998,1199.9999999999998,1199.9999999999998
0.75,0.95,0.95,0.95,0.75,0.75,0.75,623.9999999999999,924.933251149309,1093.1082196462412,1192.1716474312352,1257.7244747113175,1304.967505196216,1342.7148354806604,1375.315508937589,1404.5185281250515
0.75,1,1,1,0.75,0.75,0.75,599.9999999999999,894.6036592386577,1055.4864756216257,1143.8922138351677,1190.1015323696402,1199.9761372862288,1199.9999999999998,1199.9999999999998,1199.9999999999998
0.75,0.5,0.5,0.5,0.8,0.8,0.8,816,1118.0529675984649,1304.7391471325082,1425.353835943088,1513.0161097412015,1581.0424483377078,1635.9041068642946,1680.9788385423976,1718.4007801610064
0.75,0.55,0.55,0.55,0.8,0.8,0.8,791.9999999999998,1093.902837860048,1280.581047550446,1401.3142360828444,1489.2303257597823,1557.6432793991644,1613.028423666426,1658.779923727004,1697.0284718205378
0.75,0.5,0.5,0.5,0.8,0.8,0.8,816,1118.0529675984649,1304.7391471325082,1425.353835943088,1513.0161097412015,1581.0424483377078,1635.9041068642946,1680.9788385423976,1718.4007801610064
0.75,0.55,0.55,0.55,0.8,0.8,0.8,791.9999999999998,1093.902837860048,1280.581047550446,1401.3142360828444,1489.2303257597823,1557.6432793991644,1613.028423666426,1658.779923727004,1697.0284718205378
0.75,0.6,0.6,0.6,0.8,0.8,0.8,767.9999999999998,1069.332481140776,1255.6419558370224,1376.1410773751454,1463.9730725218928,1532.467419778323,1588.1001796051055,1634.2774871162055,1673.1311487925925
0.75,0.65,0.65,0.65,0.8,0.8,0.8,743.9999999999998,1044.3361215117195,1229.901019712155,1349.7905871139026,1437.1727431840338,1505.4143826586865,1560.9917155172352,1607.3203334663615,1646.536132647809
0.75,0.7,0.7,0.7,0.8,0.8,0.8,719.9999999999999,1018.9059425027284,1203.3291416467346,1322.19943178097,1408.722192289867,1476.3302754533172,1531.5032364241838,1577.6675956597628,1616.9669312930455
0.75,0.65,0.65,0.65,0.8,0.8,0.8,743.9999999999998,1044.3361215117195,1229.901019712155,1349.7905871139026,1437.1727431840338,1505.4143826586865,1560.9917155172352,1607.3203334663615,1646.536132647809
0.75,0.7,0.7,0.7,0.8,0.8,0.8,719.9999999999999,1018.9059425027284,1203.3291416467346,1322.19943178097,1408.722192289867,1476.3302754533172,1531.5032364241838,1577.6675956597628,1616.9669312930455
0.75,0.75,0.75,0.75,0.8,0.8,0.8,695.9999999999998,993.0317998495732,1175.8872392110509,1293.2787955544322,1378.4655219916365,1444.9852077733842,1499.3301258821762,1544.9469381583958,1583.9934711641436
0.75,0.8,0.8,0.8,0.8,0.8,0.8,671.9999999999998,966.700774970962,1147.5235456238363,1262.9042452257008,1346.1737677879412,1411.0292495260958,1463.9968542079216,1508.5688200464224,1546.9301628822484
0.75,0.75,0.75,0.75,0.8,0.8,0.8,695.9999999999998,993.0317998495732,1175.8872392110509,1293.2787955544322,1378.4655219916365,1444.9852077733842,1499.3301258821762,1544.9469381583958,1583.9934711641436
0.75,0.8,0.8,0.8,0.8,0.8,0.8,671.9999999999998,966.700774970962,1147.5235456238363,1262.9042452257008,1346.1737677879412,1411.0292495260958,1463.9968542079216,1508.5688200464224,1546.9301628822484
0.75,0.8500000000000001,0.8500000000000001,0.8500000000000001,0.8,0.8,0.8,647.9999999999997,939.89643322937,1118.1693094066218,1230.897541228817,1311.496748227809,1373.8979239142004,1424.708807270057,1467.5316424392777,1504.6036377957212
0.75,0.9,0.9,0.9,0.8,0.8,0.8,623.9999999999998,912.5972241736772,1087.7313568838706,1196.9907712485883,1273.8535592037233,1332.5692219879054,1379.9487044932948,1419.8844298729489,1454.7104665763018
0.75,0.95,0.95,0.95,0.8,0.8,0.8,599.9999999999998,884.7576483704154,1056.0598589671754,1160.729258956313,1232.101964556753,1284.6705610793422,1325.876040455214,1360.5810268667342,1391.246428382174
0.75,0.9,0.9,0.9,0.8,0.8,0.8,623.9999999999998,912.5972241736772,1087.7313568838706,1196.9907712485883,1273.8535592037233,1332.5692219879054,1379.9487044932948,1419.8844298729489,1454.7104665763018
0.75,0.95,0.95,0.95,0.8,0.8,0.8,599.9999999999998,884.7576483704154,1056.0598589671754,1160.729258956313,1232.101964556753,1284.6705610793422,1325.876040455214,1360.5810268667342,1391.246428382174
0.75,1,1,1,0.8,0.8,0.8,575.9999999999998,854.2367909987838,1018.7189523037524,1114.1825569052785,1171.225067895055,1196.882059326727,1199.9999705209227,1199.9999999999998,1199.9999999999998
0.75,0.5,0.5,0.5,0.8500000000000001,0.8500000000000001,0.8500000000000001,791.9999999999995,1072.0469753905168,1259.454023261174,1383.1011909357246,1474.8380447118548,1546.843400605297,1605.658470492859,1654.705154448093,1695.9326527626315
0.75,1,1,1,0.8,0.8,0.8,575.9999999999998,854.2367909987838,1018.7189523037524,1114.1825569052785,1171.225067895055,1196.882059326727,1199.9999705209227,1199.9999999999998,1199.9999999999998
0.75,0.5,0.5,0.5,0.8500000000000001,0.8500000000000001,0.8500000000000001,791.9999999999995,1072.0469753905168,1259.454023261174,1383.1011909357246,1474.8380447118548,1546.843400605297,1605.658470492859,1654.705154448093,1695.9326527626315
0.75,0.55,0.55,0.55,0.8500000000000001,0.8500000000000001,0.8500000000000001,767.9999999999997,1047.8977455986624,1235.2993752375571,1359.0553940039058,1451.0110151702231,1523.3482521556246,1582.60004547479,1632.202493729656,1674.1251928003353
0.75,0.6,0.6,0.6,0.8500000000000001,0.8500000000000001,0.8500000000000001,743.9999999999998,1023.3080516738715,1210.3673784072828,1333.906671739123,1425.769970306112,1498.154552139998,1557.5891065319292,1607.5144926054186,1649.9161093879788
0.75,0.55,0.55,0.55,0.8500000000000001,0.8500000000000001,0.8500000000000001,767.9999999999997,1047.8977455986624,1235.2993752375571,1359.0553940039058,1451.0110151702231,1523.3482521556246,1582.60004547479,1632.202493729656,1674.1251928003353
0.75,0.6,0.6,0.6,0.8500000000000001,0.8500000000000001,0.8500000000000001,743.9999999999998,1023.3080516738715,1210.3673784072828,1333.906671739123,1425.769970306112,1498.154552139998,1557.5891065319292,1607.5144926054186,1649.9161093879788
0.75,0.65,0.65,0.65,0.8500000000000001,0.8500000000000001,0.8500000000000001,719.9999999999998,998.271529321178,1184.6373671132685,1307.613760046627,1399.048190084222,1471.1685726536216,1530.505322573886,1580.496546412734,1623.139716915555
0.75,0.7,0.7,0.7,0.8500000000000001,0.8500000000000001,0.8500000000000001,695.9999999999998,972.7796258442224,1158.0806476064552,1280.118039373593,1370.7477006811862,1442.25000911121,1501.1654749516006,1550.92439412594,1593.5349745925964
0.75,0.75,0.75,0.75,0.8500000000000001,0.8500000000000001,0.8500000000000001,671.9999999999998,946.8212224698124,1130.658807205568,1251.3385291769962,1340.7282187579628,1411.1932743942507,1469.2959571043702,1518.4575917270529,1560.7006295191659
0.75,0.7,0.7,0.7,0.8500000000000001,0.8500000000000001,0.8500000000000001,695.9999999999998,972.7796258442224,1158.0806476064552,1280.118039373593,1370.7477006811862,1442.25000911121,1501.1654749516006,1550.92439412594,1593.5349745925964
0.75,0.75,0.75,0.75,0.8500000000000001,0.8500000000000001,0.8500000000000001,671.9999999999998,946.8212224698124,1130.658807205568,1251.3385291769962,1340.7282187579628,1411.1932743942507,1469.2959571043702,1518.4575917270529,1560.7006295191659
0.75,0.8,0.8,0.8,0.8500000000000001,0.8500000000000001,0.8500000000000001,647.9999999999997,920.3820038011344,1102.3210831021995,1221.16347738675,1308.7872950532533,1377.6921979494805,1434.478670736591,1482.5656447634526,1524.0034422756648
0.75,0.8500000000000001,0.8500000000000001,0.8500000000000001,0.8500000000000001,0.8500000000000001,0.8500000000000001,623.9999999999997,893.4432694357606,1073.0001074246595,1189.4355469562693,1274.62225700951,1341.2674412747692,1396.03346262075,1442.3623106113905,1482.3697487258485
0.75,0.8,0.8,0.8,0.8500000000000001,0.8500000000000001,0.8500000000000001,647.9999999999997,920.3820038011344,1102.3210831021995,1221.16347738675,1308.7872950532533,1377.6921979494805,1434.478670736591,1482.5656447634526,1524.0034422756648
0.75,0.8500000000000001,0.8500000000000001,0.8500000000000001,0.8500000000000001,0.8500000000000001,0.8500000000000001,623.9999999999997,893.4432694357606,1073.0001074246595,1189.4355469562693,1274.62225700951,1341.2674412747692,1396.03346262075,1442.3623106113905,1482.3697487258485
0.75,0.9,0.9,0.9,0.8500000000000001,0.8500000000000001,0.8500000000000001,599.9999999999998,865.9789568888867,1042.6042091528852,1155.9232204868954,1237.74787750656,1301.091488825117,1352.71058349363,1396.1541244018017,1433.7106282290615
0.75,0.95,0.95,0.95,0.8500000000000001,0.8500000000000001,0.8500000000000001,575.9999999999998,837.931554002406,1010.983032574572,1120.2434990027375,1197.2679777483909,1255.4120552835932,1301.534486264595,1339.6503494838887,1372.6230251614322
0.75,1,1,1,0.8500000000000001,0.8500000000000001,0.8500000000000001,551.9999999999998,806.9921899411006,973.7132888672504,1075.0999977292315,1140.99003805808,1181.24552027751,1198.064316730504,1199.9999995943194,1199.9999999999998
0.75,0.95,0.95,0.95,0.8500000000000001,0.8500000000000001,0.8500000000000001,575.9999999999998,837.931554002406,1010.983032574572,1120.2434990027375,1197.2679777483909,1255.4120552835932,1301.534486264595,1339.6503494838887,1372.6230251614322
0.75,1,1,1,0.8500000000000001,0.8500000000000001,0.8500000000000001,551.9999999999998,806.9921899411006,973.7132888672504,1075.0999977292315,1140.99003805808,1181.24552027751,1198.064316730504,1199.9999995943194,1199.9999999999998
0.75,0.5,0.5,0.5,0.9,0.9,0.9,768,1016.780750293325,1202.8394631510953,1327.7861610337848,1422.9372945366677,1498.8810797920328,1561.630682307292,1614.850196159126,1660.537496246002
0.75,0.55,0.55,0.55,0.9,0.9,0.9,743.9999999999998,992.634033959664,1178.6901905363145,1303.7415988749487,1399.0811072554447,1475.3080525944251,1538.4226333879578,1592.0842395261354,1638.3087067261508
0.75,0.5,0.5,0.5,0.9,0.9,0.9,768,1016.780750293325,1202.8394631510953,1327.7861610337848,1422.9372945366677,1498.8810797920328,1561.630682307292,1614.850196159126,1660.537496246002
0.75,0.55,0.55,0.55,0.9,0.9,0.9,743.9999999999998,992.634033959664,1178.6901905363145,1303.7415988749487,1399.0811072554447,1475.3080525944251,1538.4226333879578,1592.0842395261354,1638.3087067261508
0.75,0.6,0.6,0.6,0.9,0.9,0.9,719.9999999999998,968.000707498174,1153.7563067414685,1278.6083536048654,1373.8605013097706,1450.1071474411474,1513.3542292434558,1567.2512855961245,1613.821325478595
0.75,0.65,0.65,0.65,0.9,0.9,0.9,695.9999999999997,942.872824025477,1128.0166911513884,1252.3463753816518,1347.2128457587369,1423.1908460723846,1486.3127828414802,1540.2145622617008,1586.9168293094915
0.75,0.6,0.6,0.6,0.9,0.9,0.9,719.9999999999998,968.000707498174,1153.7563067414685,1278.6083536048654,1373.8605013097706,1450.1071474411474,1513.3542292434558,1567.2512855961245,1613.821325478595
0.75,0.65,0.65,0.65,0.9,0.9,0.9,695.9999999999997,942.872824025477,1128.0166911513884,1252.3463753816518,1347.2128457587369,1423.1908460723846,1486.3127828414802,1540.2145622617008,1586.9168293094915
0.75,0.7,0.7,0.7,0.9,0.9,0.9,671.9999999999998,917.2395652727566,1101.4419284614744,1224.8995299855326,1319.0481412164245,1394.4307490647932,1457.1312069765474,1510.7687810008115,1557.353622456682
0.75,0.75,0.75,0.75,0.9,0.9,0.9,647.9999999999997,891.0866403601956,1073.9926200599236,1196.191146471851,1289.2397528865238,1363.641999736932,1425.5654023675002,1478.6098568369262,1524.7688501656908
0.75,0.8,0.8,0.8,0.9,0.9,0.9,623.9999999999997,864.3952784963302,1045.6167972174972,1166.1166606286763,1257.6080802736833,1330.5547612734497,1391.2513595708149,1443.2755985636254,1488.6017974669094
0.75,0.75,0.75,0.75,0.9,0.9,0.9,647.9999999999997,891.0866403601956,1073.9926200599236,1196.191146471851,1289.2397528865238,1363.641999736932,1425.5654023675002,1478.6098568369262,1524.7688501656908
0.75,0.8,0.8,0.8,0.9,0.9,0.9,623.9999999999997,864.3952784963302,1045.6167972174972,1166.1166606286763,1257.6080802736833,1330.5547612734497,1391.2513595708149,1443.2755985636254,1488.6017974669094
0.75,0.8500000000000001,0.8500000000000001,0.8500000000000001,0.9,0.9,0.9,599.9999999999998,837.140269557948,1016.2457530849812,1134.5309150312155,1223.8900011109731,1294.7579421355306,1353.6161665898246,1404.017429835788,1447.923373134245
0.75,0.9,0.9,0.9,0.9,0.9,0.9,575.9999999999998,809.2846019380532,985.7859923791608,1101.2242395943972,1187.6750833118042,1255.5720090619095,1311.66061391084,1359.4671718913617,1400.975907394969
0.75,0.8500000000000001,0.8500000000000001,0.8500000000000001,0.9,0.9,0.9,599.9999999999998,837.140269557948,1016.2457530849812,1134.5309150312155,1223.8900011109731,1294.7579421355306,1353.6161665898246,1404.017429835788,1447.923373134245
0.75,0.9,0.9,0.9,0.9,0.9,0.9,575.9999999999998,809.2846019380532,985.7859923791608,1101.2242395943972,1187.6750833118042,1255.5720090619095,1311.66061391084,1359.4671718913617,1400.975907394969
0.75,0.95,0.95,0.95,0.9,0.9,0.9,551.9999999999998,780.7456605345243,954.0820550469653,1065.8595437754052,1148.238311262909,1211.6760864987348,1263.2315341384096,1306.4011441462562,1343.3695798696644
0.75,1,1,1,0.9,0.9,0.9,527.9999999999998,748.8569188718203,916.6839782329656,1021.7146949196144,1095.329867476676,1146.6209302694228,1179.9354372623914,1196.0684469935652,1199.9995151875132
0.75,0.5,0.5,0.5,0.95,0.95,0.95,743.9999999999997,944.877323383872,1125.4060206491797,1248.1219459085244,1344.010744829235,1423.2117970699378,1489.7433567146438,1546.767794272703,1596.7243786697816
0.75,1,1,1,0.9,0.9,0.9,527.9999999999998,748.8569188718203,916.6839782329656,1021.7146949196144,1095.329867476676,1146.6209302694228,1179.9354372623914,1196.0684469935652,1199.9995151875132
0.75,0.5,0.5,0.5,0.95,0.95,0.95,743.9999999999997,944.877323383872,1125.4060206491797,1248.1219459085244,1344.010744829235,1423.2117970699378,1489.7433567146438,1546.767794272703,1596.7243786697816
0.75,0.55,0.55,0.55,0.95,0.95,0.95,719.9999999999998,920.7369235963934,1101.2588390578903,1224.0947276433976,1320.1553897085591,1399.5856849121617,1466.4236927244865,1523.8086911747105,1574.1656022136228
0.75,0.6,0.6,0.6,0.95,0.95,0.95,695.9999999999998,895.9724175437177,1076.3137316085615,1198.9663421651298,1294.95265540393,1374.3930957316734,1441.3215526124927,1498.881330231388,1549.4793300298263
0.75,0.55,0.55,0.55,0.95,0.95,0.95,719.9999999999998,920.7369235963934,1101.2588390578903,1224.0947276433976,1320.1553897085591,1399.5856849121617,1466.4236927244865,1523.8086911747105,1574.1656022136228
0.75,0.6,0.6,0.6,0.95,0.95,0.95,695.9999999999998,895.9724175437177,1076.3137316085615,1198.9663421651298,1294.95265540393,1374.3930957316734,1441.3215526124927,1498.881330231388,1549.4793300298263
0.75,0.65,0.65,0.65,0.95,0.95,0.95,671.9999999999998,870.5692394545941,1050.546439391606,1172.6959310964671,1268.3418419120617,1347.5512300266223,1414.3311854128317,1471.8567791028045,1522.5148077391837
0.75,0.7,0.7,0.7,0.95,0.95,0.95,647.9999999999998,844.5053043497944,1023.9214424148794,1145.227565456255,1240.237471602484,1318.9416193521686,1385.2987583320128,1442.5469397695892,1493.0509956539993
0.75,0.75,0.75,0.75,0.95,0.95,0.95,623.9999999999998,817.7491397382821,996.388272310464,1116.48598707768,1210.5215929930027,1288.3969972303612,1354.0033624764012,1410.6796890897049,1460.7656704197857
0.75,0.7,0.7,0.7,0.95,0.95,0.95,647.9999999999998,844.5053043497944,1023.9214424148794,1145.227565456255,1240.237471602484,1318.9416193521686,1385.2987583320128,1442.5469397695892,1493.0509956539993
0.75,0.75,0.75,0.75,0.95,0.95,0.95,623.9999999999998,817.7491397382821,996.388272310464,1116.48598707768,1210.5215929930027,1288.3969972303612,1354.0033624764012,1410.6796890897049,1460.7656704197857
0.75,0.8,0.8,0.8,0.95,0.95,0.95,599.9999999999998,790.2568807809917,967.8744398402574,1086.3694498111413,1179.0307705398454,1255.6776064307733,1320.1220769267186,1375.8522258920425,1425.1760962179608
0.75,0.8500000000000001,0.8500000000000001,0.8500000000000001,0.95,0.95,0.95,575.9999999999998,761.9670062998994,938.270553942416,1054.736233122066,1145.533054648637,1220.4254632572236,1283.160564586814,1337.4355753173918,1385.5137381181496
0.75,0.8,0.8,0.8,0.95,0.95,0.95,599.9999999999998,790.2568807809917,967.8744398402574,1086.3694498111413,1179.0307705398454,1255.6776064307733,1320.1220769267186,1375.8522258920425,1425.1760962179608
0.75,0.8500000000000001,0.8500000000000001,0.8500000000000001,0.95,0.95,0.95,575.9999999999998,761.9670062998994,938.270553942416,1054.736233122066,1145.533054648637,1220.4254632572236,1283.160564586814,1337.4355753173918,1385.5137381181496
0.75,0.9,0.9,0.9,0.95,0.95,0.95,551.9999999999998,732.7872687816396,907.3923103560784,1021.3734390953076,1109.6833459433046,1182.0656138603492,1242.2950126785008,1294.3463031751323,1340.4105061722246
0.75,0.95,0.95,0.95,0.95,0.95,0.95,527.9999999999998,702.5381975517915,874.8376527057134,985.8781561866546,1070.9094692419258,1139.5583059735598,1195.91471473181,1244.313153147093,1286.8097932382934
0.75,0.9,0.9,0.9,0.95,0.95,0.95,551.9999999999998,732.7872687816396,907.3923103560784,1021.3734390953076,1109.6833459433046,1182.0656138603492,1242.2950126785008,1294.3463031751323,1340.4105061722246
0.75,0.95,0.95,0.95,0.95,0.95,0.95,527.9999999999998,702.5381975517915,874.8376527057134,985.8781561866546,1070.9094692419258,1139.5583059735598,1195.91471473181,1244.313153147093,1286.8097932382934
0.75,1,1,1,0.95,0.95,0.95,503.99999999999983,667.255636124187,834.0458209170688,940.4665733886374,1020.6489898198012,1080.773777261314,1124.6485205072083,1160.585721813141,1184.4504618747644
0.75,0.5,0.5,0.5,1,1,1,719.9999999999999,834.8476227591007,904.579419249962,954.6543225426268,993.9218214389346,1026.1471400658072,1053.30082679986,1076.577014913322,1096.7711135592135
0.75,0.55,0.55,0.55,1,1,1,695.9999999999998,810.7117368609444,881.0931345715985,932.0385145965644,972.2705112796766,1005.5049916893996,1033.6852561849737,1057.9901525713697,1079.2057190903677
0.75,0.5,0.5,0.5,1,1,1,719.9999999999999,834.8476227591007,904.579419249962,954.6543225426268,993.9218214389346,1026.1471400658072,1053.30082679986,1076.577014913322,1096.7711135592135
0.75,0.55,0.55,0.55,1,1,1,695.9999999999998,810.7117368609444,881.0931345715985,932.0385145965644,972.2705112796766,1005.5049916893996,1033.6852561849737,1057.9901525713697,1079.2057190903677
0.75,0.6,0.6,0.6,1,1,1,671.9999999999999,785.4081298310172,855.794306518187,907.2027200826616,948.1196790008632,982.1640375626648,1011.2264821205654,1036.4544703170566,1058.6159952862615
0.75,0.65,0.65,0.65,1,1,1,647.9999999999998,758.881044761039,828.5923812757039,880.0244068384213,921.3148282103092,955.9382959706664,985.7081880481358,1011.7251002508988,1034.728336238832
0.75,0.6,0.6,0.6,1,1,1,671.9999999999999,785.4081298310172,855.794306518187,907.2027200826616,948.1196790008632,982.1640375626648,1011.2264821205654,1036.4544703170566,1058.6159952862615
0.75,0.65,0.65,0.65,1,1,1,647.9999999999998,758.881044761039,828.5923812757039,880.0244068384213,921.3148282103092,955.9382959706664,985.7081880481358,1011.7251002508988,1034.728336238832
0.75,0.7,0.7,0.7,1,1,1,623.9999999999999,731.0270465899562,799.3236865982328,850.291287606947,891.5996731943352,926.5307887915948,956.7958349029772,983.4329162912808,1007.141496816148
0.75,0.75,0.75,0.75,1,1,1,599.9999999999998,701.6743927857891,767.7189926426382,817.6594988138146,858.5663040821426,893.4767598923651,923.9737937826278,951.0167160196272,975.2532201666556
0.75,0.8,0.8,0.8,1,1,1,575.9999999999998,670.5400098840789,733.3362851641104,781.567677301681,821.5536247170255,856.0286543630227,886.4185982012016,913.5861913354706,938.1141623616436
0.75,0.75,0.75,0.75,1,1,1,599.9999999999998,701.6743927857891,767.7189926426382,817.6594988138146,858.5663040821426,893.4767598923651,923.9737937826278,951.0167160196272,975.2532201666556
0.75,0.8,0.8,0.8,1,1,1,575.9999999999998,670.5400098840789,733.3362851641104,781.567677301681,821.5536247170255,856.0286543630227,886.4185982012016,913.5861913354706,938.1141623616436
0.75,0.8500000000000001,0.8500000000000001,0.8500000000000001,1,1,1,551.9999999999998,637.1316284657785,695.4078738104415,741.0415628890826,779.4165613445812,812.8949108964739,842.7112311332289,869.6109943795302,894.0966446401485
0.75,0.9,0.9,0.9,1,1,1,527.9999999999998,600.4806173853408,652.4215927099,694.1565806294891,729.8894666099953,761.5178202404758,790.0401382383009,816.0579512431095,839.9741253104312
0.75,0.8500000000000001,0.8500000000000001,0.8500000000000001,1,1,1,551.9999999999998,637.1316284657785,695.4078738104415,741.0415628890826,779.4165613445812,812.8949108964739,842.7112311332289,869.6109943795302,894.0966446401485
0.75,0.9,0.9,0.9,1,1,1,527.9999999999998,600.4806173853408,652.4215927099,694.1565806294891,729.8894666099953,761.5178202404758,790.0401382383009,816.0579512431095,839.9741253104312
0.75,0.95,0.95,0.95,1,1,1,503.9999999999998,558.1019927766403,600.4745344423084,635.908211650484,667.0480331474728,695.1801317513653,720.9945111758507,744.9066299545585,767.1910066934207
0.75,1,1,1,1,1,1,479.9999999999998,479.9999999999998,479.9999999999998,479.9999999999998,479.9999999999998,479.9999999999998,479.9999999999998,479.9999999999998,479.9999999999998
